,countries,1965,1966,1967,1968,1969,1970,1971,1972,1974,1975,1976,1977,1978,1979,1980,1981,1982,1983,1984,1985,1986,1987,1988,1989,1990,1991,1992,1993,1994,1995,1996,1997,1998,1999,2000,2001,2002,2003,2004,2005,2006,2007,2008,2009,2010,2011,2012,2013,2014,2015,2016,2017,2018
0,Canada,0.028963207999999997,0.03891931,0.034620084,0.207720505,0.119699507,0.23464723699999998,0.905,1.517,3.1460000000000004,2.67,3.5980000000000003,6.056,7.452000000000001,7.5,8.085,8.155,8.676,11.001,11.815999999999999,13.696,16.129,17.485,18.754,17.947423203,16.395890845,19.083800373,18.107006667,21.10789033,24.230486158,21.985837563,20.844934892,18.544312993,16.063861967,16.513553876,16.35825773,17.233584935,16.970629497,16.828433485999998,20.309973014,20.681540481,22.012752386,21.007852936,21.575926001,20.243705147,20.37108824,21.029579152,21.315679670999998,23.243076817,24.106107998000002,22.876597441999998,22.727094414,22.720051305,22.63637717
1,Mexico,0.0,0.0,0.0,0.0,0.0,0.0,0.0,0.0,0.0,0.0,0.0,0.0,0.0,0.0,0.0,0.0,0.0,0.0,0.0,0.0,0.0,0.0,0.0,0.084,0.665,0.96,0.887,1.1159999999999999,0.96,1.911,1.7830000000000001,2.367,2.096,2.2640000000000002,1.861,1.975,2.205417278,2.3762293,2.080358274,2.444880762,2.458759354,2.357950179,2.218395321,2.376132258,1.330325528,2.282933209,1.984341498,2.670016204,2.189710833,2.619617565,2.3910879869999997,2.462520196,3.0747566689999997
2,US,0.870968195,1.314755516,1.823351586,2.9840723789999997,3.3173922160000004,5.193476609,9.075903373,12.883657700999999,27.147228845,41.087995989,45.517855722,59.756452531,65.83486446100001,60.773818546,59.811780832,64.946540254,67.35214068100001,69.949271275,78.03715889,91.389097115,98.617355297,108.43824524899999,125.51669243,126.083968769,137.399379768,145.90337030700002,147.38277475200002,145.361769519,152.542696198,160.393795538,160.709728637,149.733155251,160.465246294,173.458679554,179.56544232,183.12233573,185.79899795900002,181.909117218,187.81506110599997,186.256854348,187.503099016,192.07769404299998,192.026170497,190.274600267,192.207158628,188.214253185,183.24260473599998,187.93131551599998,189.872400397,189.875233599,191.903627785,191.726344133,192.233229803
4,Argentina,0.0,0.0,0.0,0.0,0.0,0.0,0.0,0.0,0.23199999999999998,0.518,0.531,0.366,0.648,0.602,0.523,0.63,0.42100000000000004,0.762,1.038,1.305,1.2919999999999998,1.463,1.3119999999999998,1.14,1.6469999999999998,1.755,1.6030000000000002,1.754,1.864,1.599,1.6880000000000002,1.8019999999999998,1.6869999999999998,1.608,1.3980000000000001,1.597,1.317,1.712,1.7830000000000001,1.554,1.7470697380000002,1.641399285,1.673077793,1.851608816,1.631443182,1.4481603840000001,1.448612934,1.4044892969999998,1.2476806809999998,1.5927501469999998,1.874688872,1.377562565,1.55509861
5,Brazil,0.0,0.0,0.0,0.0,0.0,0.0,0.0,0.0,0.0,0.0,0.0,0.0,0.0,0.0,0.0,0.0,0.0,0.0,0.371769924,0.765035978,0.032583609,0.220165633,0.137575236,0.41408336,0.506177309,0.326288636,0.39801783,0.10001357699999999,0.012445128,0.569986876,0.549169571,0.717065665,0.738788071,0.8998959129999999,1.368059013,3.2309815810000004,3.13074173,3.022582251,2.627279721,2.2299407159999998,3.1122098019999997,2.794442685,3.160741277,2.9318459519999998,3.2862279489999997,3.543326243,3.629089922,3.4958795310000004,3.47976252,3.333971272,3.589705315,3.561387618,3.5371753860000004
6,Chile,0.0,0.0,0.0,0.0,0.0,0.0,0.0,0.0,0.0,0.0,0.0,0.0,0.0,0.0,0.0,0.0,0.0,0.0,0.0,0.0,0.0,0.0,0.0,0.0,0.0,0.0,0.0,0.0,0.0,0.0,0.0,0.0,0.0,0.0,0.0,0.0,0.0,0.0,0.0,0.0,0.0,0.0,0.0,0.0,0.0,0.0,0.0,0.0,0.0,0.0,0.0,0.0,0.0
7,Colombia,0.0,0.0,0.0,0.0,0.0,0.0,0.0,0.0,0.0,0.0,0.0,0.0,0.0,0.0,0.0,0.0,0.0,0.0,0.0,0.0,0.0,0.0,0.0,0.0,0.0,0.0,0.0,0.0,0.0,0.0,0.0,0.0,0.0,0.0,0.0,0.0,0.0,0.0,0.0,0.0,0.0,0.0,0.0,0.0,0.0,0.0,0.0,0.0,0.0,0.0,0.0,0.0,0.0
8,Ecuador,0.0,0.0,0.0,0.0,0.0,0.0,0.0,0.0,0.0,0.0,0.0,0.0,0.0,0.0,0.0,0.0,0.0,0.0,0.0,0.0,0.0,0.0,0.0,0.0,0.0,0.0,0.0,0.0,0.0,0.0,0.0,0.0,0.0,0.0,0.0,0.0,0.0,0.0,0.0,0.0,0.0,0.0,0.0,0.0,0.0,0.0,0.0,0.0,0.0,0.0,0.0,0.0,0.0
9,Peru,0.0,0.0,0.0,0.0,0.0,0.0,0.0,0.0,0.0,0.0,0.0,0.0,0.0,0.0,0.0,0.0,0.0,0.0,0.0,0.0,0.0,0.0,0.0,0.0,0.0,0.0,0.0,0.0,0.0,0.0,0.0,0.0,0.0,0.0,0.0,0.0,0.0,0.0,0.0,0.0,0.0,0.0,0.0,0.0,0.0,0.0,0.0,0.0,0.0,0.0,0.0,0.0,0.0
10,Trinidad & Tobago,0.0,0.0,0.0,0.0,0.0,0.0,0.0,0.0,0.0,0.0,0.0,0.0,0.0,0.0,0.0,0.0,0.0,0.0,0.0,0.0,0.0,0.0,0.0,0.0,0.0,0.0,0.0,0.0,0.0,0.0,0.0,0.0,0.0,0.0,0.0,0.0,0.0,0.0,0.0,0.0,0.0,0.0,0.0,0.0,0.0,0.0,0.0,0.0,0.0,0.0,0.0,0.0,0.0
11,Venezuela,0.0,0.0,0.0,0.0,0.0,0.0,0.0,0.0,0.0,0.0,0.0,0.0,0.0,0.0,0.0,0.0,0.0,0.0,0.0,0.0,0.0,0.0,0.0,0.0,0.0,0.0,0.0,0.0,0.0,0.0,0.0,0.0,0.0,0.0,0.0,0.0,0.0,0.0,0.0,0.0,0.0,0.0,0.0,0.0,0.0,0.0,0.0,0.0,0.0,0.0,0.0,0.0,0.0
16,Austria,0.0,0.0,0.0,0.0,0.0,0.0,0.0,0.0,0.0,0.0,0.0,0.0,0.0,0.0,0.0,0.0,0.0,0.0,0.0,0.0,0.0,0.0,0.0,0.0,0.0,0.0,0.0,0.0,0.0,0.0,0.0,0.0,0.0,0.0,0.0,0.0,0.0,0.0,0.0,0.0,0.0,0.0,0.0,0.0,0.0,0.0,0.0,0.0,0.0,0.0,0.0,0.0,0.0
17,Belgium,0.0,0.00135765,0.021269856,0.013802779,0.004978051,0.012897678000000001,0.0,0.002489026,0.033488709,1.535050007,2.270896502,2.7014979410000004,2.831379825,2.581119609,2.839525727,2.9096709960000005,3.544372539,5.454586595,6.277548989,7.82934335,8.913879712,9.496085441,9.752907635,9.326379146,9.666923112000001,9.698375345,9.833009006000001,9.487034439,9.192198036,9.35783138,9.805855999,10.727248043,10.445988143,11.091324614000001,10.896728063,10.487622754,10.71638684,10.720686066,10.705525637000001,10.769561479000002,10.554600172,10.912567317,10.310901932,10.685160882,10.848531475,10.914151242,9.117753541,9.649273657,7.626148346,5.90645789,9.848169435,9.554871702,6.443511445
18,Bulgaria,0.0,0.0,0.0,0.0,0.0,0.0,0.0,0.0,0.21,0.578,1.129,1.3319999999999999,1.338,1.3980000000000001,1.396,2.064,2.432,2.7880000000000003,2.8819999999999997,2.972,2.7319999999999998,2.8139999999999996,3.628,3.2960000000000003,3.3183237539999997,2.983210391,2.613929493,3.161741413,3.469928045,3.90573381,4.091505634,4.016608589,3.823822238,3.578313798,4.11322804,4.4243562469999995,4.575734263,3.910033036,3.804815133,4.220708693,4.410779744,3.313345703,3.56722632,3.452052315,3.4504683889999996,3.6914513280000003,3.571751822,3.206594108,3.5902274060000003,3.479906775,3.5696798210000003,3.517558718,3.654016768
19,Croatia,,,,,,,,,,,,,,,,,,,,,,,,,,,,,,,,,,,,,,,,,,,,,,,,,,,,,
20,Cyprus,0.0,0.0,0.0,0.0,0.0,0.0,0.0,0.0,0.0,0.0,0.0,0.0,0.0,0.0,0.0,0.0,0.0,0.0,0.0,0.0,0.0,0.0,0.0,0.0,0.0,0.0,0.0,0.0,0.0,0.0,0.0,0.0,0.0,0.0,0.0,0.0,0.0,0.0,0.0,0.0,0.0,0.0,0.0,0.0,0.0,0.0,0.0,0.0,0.0,0.0,0.0,0.0,0.0
21,Czech Republic,0.0,0.0,0.0,0.0,0.0,0.0,0.0,0.0,0.0,0.0,0.0,0.0,0.0,0.0,0.0,0.0,0.0,0.0,0.0,0.542,1.391,2.4219999999999997,2.675,2.81,2.8480000000000003,2.7460000000000004,2.773,2.858,2.937,2.7680000000000002,2.908,2.827,2.9819999999999998,3.023,3.076,3.337398742,4.239987329,5.854165724,5.956623071,5.5952391729999995,5.893673349,5.9220934970000005,6.007829117000001,6.1564465760000004,6.333031632999999,6.399647011,6.861610173,6.956894601,6.861768566,6.0734036289999995,5.4541793,6.412544689,6.770443952000001
22,Denmark,0.0,0.0,0.0,0.0,0.0,0.0,0.0,0.0,0.0,0.0,0.0,0.0,0.0,0.0,0.0,0.0,0.0,0.0,0.0,0.0,0.0,0.0,0.0,0.0,0.0,0.0,0.0,0.0,0.0,0.0,0.0,0.0,0.0,0.0,0.0,0.0,0.0,0.0,0.0,0.0,0.0,0.0,0.0,0.0,0.0,0.0,0.0,0.0,0.0,0.0,0.0,0.0,0.0
23,Estonia,,,,,,,,,,,,,,,,,,,,0.0,0.0,0.0,0.0,0.0,0.0,0.0,0.0,0.0,0.0,0.0,0.0,0.0,0.0,0.0,0.0,0.0,0.0,0.0,0.0,0.0,0.0,0.0,0.0,0.0,0.0,0.0,0.0,0.0,0.0,0.0,0.0,0.0,0.0
24,Finland,0.0,0.0,0.0,0.0,0.0,0.0,0.0,0.0,0.0,0.0,0.0,0.5978425270000001,0.7333693790000001,1.51485198,1.577970813,3.2952794260000005,3.769504315,3.981726503,4.239441887,4.28255324,4.286840557,4.414507328,4.393785296,4.289698768,4.3178045130000005,4.384257925,4.327808252,4.477864345,4.365441367,4.3178045130000005,4.449044047,4.775832871,4.996153324,5.254345077,5.138825703999999,5.205255298,5.095904898,5.199538875,5.195727927,5.324919077,5.240911484,5.359431978,5.251891779,5.383155132000001,5.2136155660000005,5.303291945,5.255011993,5.4004711279999995,5.393921061,5.317702093,5.306769435,5.13858752,5.2136155660000005
25,France,0.239,0.363,0.6609999999999999,0.8009999999999999,1.122,1.292256867,2.1109200340000003,3.3015794,3.328506132,4.1290672939999995,3.570167896,4.059600851,6.890528126,9.041951396,13.859573698,23.832646966,24.645653256,32.642666425,43.271484817,50.708240938,57.508937865,60.080553921,62.343530796,68.77200525,71.068697108,74.973978368,76.581662669,83.311761778,81.45472236100001,85.357967145,89.908132326,89.487939539,87.792460515,89.20758474,93.940806444,95.27899714899999,98.827895189,99.80314069799999,101.42575915299999,102.16975155,101.86699552,99.49993211700001,99.43589627600001,92.713037969,96.96361497,100.101371227,96.258768159,95.86934878,98.76431189799999,98.97904692899999,91.232972802,90.13800818200001,93.49054291
26,Germany,0.031,0.077,0.342,0.45399999999999996,1.206,1.469,1.4069999999999998,2.155,3.272,5.462999999999999,6.706,9.337,9.929,11.783,12.581,14.831,16.844,17.666,23.609,31.375999999999998,29.531,32.074,35.491,36.59,34.506946644,33.352943839,35.932479522,34.733221704,34.212789066,34.86898674,36.568991266,38.540978413000005,36.56604969,38.467665294,38.37760782,38.762049147,37.299633434,37.348961397,37.802642893000005,36.891659501,37.868488935,31.799339276999998,33.664524596,30.531746391,31.804317328000003,24.431195864,22.505317464,22.014300584,21.977870299,20.768953025,19.150563425,17.270308187,17.219532063
27,Greece,0.0,0.0,0.0,0.0,0.0,0.0,0.0,0.0,0.0,0.0,0.0,0.0,0.0,0.0,0.0,0.0,0.0,0.0,0.0,0.0,0.0,0.0,0.0,0.0,0.0,0.0,0.0,0.0,0.0,0.0,0.0,0.0,0.0,0.0,0.0,0.0,0.0,0.0,0.0,0.0,0.0,0.0,0.0,0.0,0.0,0.0,0.0,0.0,0.0,0.0,0.0,0.0,0.0
28,Hungary,0.0,0.0,0.0,0.0,0.0,0.0,0.0,0.0,0.0,0.0,0.0,0.0,0.0,0.0,0.0,0.0,0.001,0.56,0.853,1.4669999999999999,1.68,2.4859999999999998,3.043,3.1439999999999997,3.106982848,3.105851473,3.159704937,3.121690727,3.178938317,3.173733991,3.20858035,3.160610038,3.1563108110000004,3.189573245,3.20858035,3.196361497,3.157215912,2.491967235,2.696067339,3.13028918,3.045888582,3.321039055,3.352943839,3.490519075,3.56632122,3.549130199,3.57356519,3.477758067,3.5408933339999997,3.5829289039999996,3.6326005789999996,3.6424845,3.559985518
29,Iceland,0.0,0.0,0.0,0.0,0.0,0.0,0.0,0.0,0.0,0.0,0.0,0.0,0.0,0.0,0.0,0.0,0.0,0.0,0.0,0.0,0.0,0.0,0.0,0.0,0.0,0.0,0.0,0.0,0.0,0.0,0.0,0.0,0.0,0.0,0.0,0.0,0.0,0.0,0.0,0.0,0.0,0.0,0.0,0.0,0.0,0.0,0.0,0.0,0.0,0.0,0.0,0.0,0.0
30,Ireland,0.0,0.0,0.0,0.0,0.0,0.0,0.0,0.0,0.0,0.0,0.0,0.0,0.0,0.0,0.0,0.0,0.0,0.0,0.0,0.0,0.0,0.0,0.0,0.0,0.0,0.0,0.0,0.0,0.0,0.0,0.0,0.0,0.0,0.0,0.0,0.0,0.0,0.0,0.0,0.0,0.0,0.0,0.0,0.0,0.0,0.0,0.0,0.0,0.0,0.0,0.0,0.0,0.0
31,Italy,0.809,0.889,0.725,0.593,0.387,0.732,0.775,0.8690000000000001,0.737,0.754,0.8590000000000001,0.763,1.002,1.053,1.107,1.178,2.093,1.8630000000000002,1.511,1.589,1.982,0.039,0.0,0.0,0.0,0.0,0.0,0.0,0.0,0.0,0.0,0.0,0.0,0.0,0.0,0.0,0.0,0.0,0.0,0.0,0.0,0.0,0.0,0.0,0.0,0.0,0.0,0.0,0.0,0.0,0.0,0.0,0.0
32,Latvia,,,,,,,,,,,,,,,,,,,,0.0,0.0,0.0,0.0,0.0,0.0,0.0,0.0,0.0,0.0,0.0,0.0,0.0,0.0,0.0,0.0,0.0,0.0,0.0,0.0,0.0,0.0,0.0,0.0,0.0,0.0,0.0,0.0,0.0,0.0,0.0,0.0,0.0,0.0
33,Lithuania,,,,,,,,,,,,,,,,,,,,2.145,2.2359999999999998,2.0780000000000003,2.8989999999999996,3.7680000000000002,3.854143096,3.846676019,3.312214328,2.774132235,1.7436756119999999,2.675023759,3.154726886,2.720731321,3.066932163,2.231524641,1.90500973,2.570937231,3.1999818980000003,3.503643028,3.4171154460000004,2.33914106,1.957550799,2.224940037,2.238697561,2.455672716,0.0,0.0,0.0,0.0,0.0,0.0,0.0,0.0,0.0
34,Luxembourg,0.0,0.0,0.0,0.0,0.0,0.0,0.0,0.0,0.0,0.0,0.0,0.0,0.0,0.0,0.0,0.0,0.0,0.0,0.0,0.0,0.0,0.0,0.0,0.0,0.0,0.0,0.0,0.0,0.0,0.0,0.0,0.0,0.0,0.0,0.0,0.0,0.0,0.0,0.0,0.0,0.0,0.0,0.0,0.0,0.0,0.0,0.0,0.0,0.0,0.0,0.0,0.0,0.0
35,Netherlands,0.0,0.0,0.0,0.005,0.07200000000000001,0.085,0.094,0.075,0.6890000000000001,0.7020000000000001,0.815,0.8390000000000001,0.8029999999999999,0.7340000000000001,0.884,0.779,0.82,0.754,0.782,0.882,0.9540000000000001,0.804,0.8320000000000001,0.91,0.79241526,0.753269675,0.859845228,0.8933339370000001,0.897633163,0.9091731909999999,0.9413042490000001,0.544870344,0.8619022940000001,0.8662291259999999,0.886819025,0.898893741,0.885536498,0.909170702,0.864827352,0.9045245959999999,0.7850475179999999,0.950426076,0.9433156079999999,0.961291804,0.8981235009999999,0.9369541109999999,0.88580124,0.654129294,0.92576051,0.922758972,0.896112142,0.7698959129999999,0.790654512
36,North Macedonia,,,,,,,,,,,,,,,,,,,,,,,,,,,,,,,,,,,,,,,,,,,,,,,,,,,,,
37,Norway,0.0,0.0,0.0,0.0,0.0,0.0,0.0,0.0,0.0,0.0,0.0,0.0,0.0,0.0,0.0,0.0,0.0,0.0,0.0,0.0,0.0,0.0,0.0,0.0,0.0,0.0,0.0,0.0,0.0,0.0,0.0,0.0,0.0,0.0,0.0,0.0,0.0,0.0,0.0,0.0,0.0,0.0,0.0,0.0,0.0,0.0,0.0,0.0,0.0,0.0,0.0,0.0,0.0
38,Poland,0.0,0.0,0.0,0.0,0.0,0.0,0.0,0.0,0.0,0.0,0.0,0.0,0.0,0.0,0.0,0.0,0.0,0.0,0.0,0.0,0.0,0.0,0.0,0.0,0.0,0.0,0.0,0.0,0.0,0.0,0.0,0.0,0.0,0.0,0.0,0.0,0.0,0.0,0.0,0.0,0.0,0.0,0.0,0.0,0.0,0.0,0.0,0.0,0.0,0.0,0.0,0.0,0.0
39,Portugal,0.0,0.0,0.0,0.0,0.0,0.0,0.0,0.0,0.0,0.0,0.0,0.0,0.0,0.0,0.0,0.0,0.0,0.0,0.0,0.0,0.0,0.0,0.0,0.0,0.0,0.0,0.0,0.0,0.0,0.0,0.0,0.0,0.0,0.0,0.0,0.0,0.0,0.0,0.0,0.0,0.0,0.0,0.0,0.0,0.0,0.0,0.0,0.0,0.0,0.0,0.0,0.0,0.0
40,Romania,0.0,0.0,0.0,0.0,0.0,0.0,0.0,0.0,0.0,0.0,0.0,0.0,0.0,0.0,0.0,0.0,0.0,0.0,0.0,0.0,0.0,0.0,0.0,0.0,0.0,0.0,0.0,0.0,0.0,0.0,0.313617233,1.221885324,1.200841743,1.176177762,1.234556727,1.232293977,1.247454406,1.110105444,1.255374033,1.2569579579999999,1.274381138,1.744354437,2.5401638230000003,2.659184505,2.6299950219999997,2.658098384,2.594515093,2.628954157,2.64189709,2.633841698,2.553740327,2.604199665,2.5743313569999997
41,Slovakia,0.0,0.0,0.0,0.0,0.0,0.0,0.0,0.001,0.111,0.042,0.1,0.025,0.004,0.486,1.024,1.161,1.3219999999999998,1.392,1.639,2.124,2.6519999999999997,2.605,2.596,2.752,2.723446622,2.6449291759999998,2.5003394130000003,2.598995339,2.84993438,2.587907861,2.54536815,2.505543739,2.578178033,2.968049962,3.7321808389999998,3.8699823510000004,4.062316152,4.043,3.8525591710000002,4.011177988,4.07566638,3.469701769,3.779698602,3.1861791189999997,3.297732724,3.4871249489999996,3.5061320539999996,3.557043943,3.507037154,3.427162058,3.3429877360000004,3.4124541789999996,3.358600715
42,Slovenia,,,,,,,,,,,,,,,,,,,,,,,,,1.045843327,1.120514097,0.898538263,0.8951441370000001,1.042901751,1.081368512,1.0322668240000001,1.1356745259999999,1.1356745259999999,1.062587682,1.07729556,1.18952799,1.250848531,1.178214237,1.235235552,1.331402453,1.255374033,1.288636466,1.419423451,1.298592569,1.280038014,1.406299498,1.250848531,1.199257818,1.441372132,1.2780015390000001,1.293161968,1.422200299,1.307064307
43,Spain,0.0,0.0,0.0,0.018000000000000002,0.191,0.212,0.581,1.063,1.631,1.7069999999999999,1.71,1.476,1.726,1.516,1.1740000000000002,2.166,1.985,2.4130000000000003,5.225,6.346,8.477,9.34,11.421,12.703,12.279494954,12.575915282999999,12.622075395,12.684979862,12.515952392,12.54808345,12.746074128,12.512558266,13.348644612000001,13.316739829000001,14.07566638,14.41553152,14.258949179000002,14.000769335,14.392451464,13.019640675,13.605014255,12.468434629,13.344119111,11.938566321,13.94157578,13.063085485999999,13.909127935999999,12.836885775999999,12.966692311,12.966692311,13.264008817999999,13.149301693,12.590804947
44,Sweden,0.004,0.011000000000000001,0.011000000000000001,0.005,0.013999999999999999,0.012,0.02,0.332,0.465,2.7089999999999996,3.6189999999999998,4.507,5.382000000000001,4.761,5.995,8.527000000000001,8.837,9.28,11.525,13.250893785999999,15.828166719,15.247544915999999,15.708919762999999,14.844322759,15.428564964000001,17.369099878,14.37842241,13.892157306,16.553378287,15.824546319000001,16.806353804,15.822962393,16.649997737,16.560619089,12.969181337,16.316468299,15.411820609000001,15.254333167,17.575010182,16.448160384,15.155224690999999,15.153414491,14.456487306,11.805448703,13.062406662,13.683984250999998,14.489976015,15.03756166,14.680047065,12.750147079000001,14.278182559000001,14.865366339000001,15.523328420999999
45,Switzerland,0.0,0.0,0.0,0.0,0.12,0.564,0.623,0.812,1.3940000000000001,1.6680000000000001,1.787,1.8259999999999998,1.81,2.123,3.088,3.273,3.2310000000000003,3.3489999999999998,3.9389999999999996,5.0687995269999995,5.074039581,5.168836922,5.121438252,5.1312038069999995,5.311032934,5.1576422619999995,5.268874317,5.246961364,5.474427345,5.593995851,5.649492787000001,5.7095152239999996,5.80407438,5.602808669,5.942459443,6.024394833,6.119430358,6.1763564,6.057502447,5.244817706,6.250908077999999,6.274726505,6.2242314389999995,6.221135042999999,6.003434617000001,6.087990034,5.798596142,5.92388107,6.280919296,5.262681526000001,4.819658777,4.644355152,5.815030857000001
46,Turkey,0.0,0.0,0.0,0.0,0.0,0.0,0.0,0.0,0.0,0.0,0.0,0.0,0.0,0.0,0.0,0.0,0.0,0.0,0.0,0.0,0.0,0.0,0.0,0.0,0.0,0.0,0.0,0.0,0.0,0.0,0.0,0.0,0.0,0.0,0.0,0.0,0.0,0.0,0.0,0.0,0.0,0.0,0.0,0.0,0.0,0.0,0.0,0.0,0.0,0.0,0.0,0.0,0.0
47,Ukraine,0.0,0.0,0.0,0.0,0.0,0.0,0.0,0.0,0.0,0.0,0.0,0.0,0.0,0.0,0.0,0.0,0.0,0.0,0.0,12.062000000000001,9.664,11.41,16.292,15.050999999999998,17.237407793,17.00027153,16.687785672,17.025614337,15.578585327999999,15.957596054000001,18.006290447,17.973706838,17.024709237,16.306512196,17.500339413,17.235145042,17.647191927,18.420147530999998,19.690908268,20.083269222000002,20.415667285,20.939946599000002,20.328777662,18.763633072,20.172874145999998,20.420871612,20.39575508,18.828121464000002,20.000226275,19.827804679,18.316966104000002,19.363759786,19.097185138
48,United Kingdom,3.425,4.575,5.267,5.9270000000000005,6.591,5.8870000000000005,6.234,6.649,7.608,6.8660000000000005,8.182,9.057,8.424,8.669,8.379,8.593,9.952,11.299000000000001,12.217,13.827,13.37,12.501,14.360999999999999,16.234,14.88,15.965,17.382,20.222,19.98,20.134,21.425,22.212,22.511189113,21.526212482,19.247582414,20.385726671,19.877897286,20.067490136,18.101802426,18.468141115,17.072601922,14.261742023,11.876229428,15.635084606,14.060658291,15.608555261,15.930911231,15.976575345,14.42457216,15.917296920999998,16.229823184,15.915379070999998,14.722326315999998
51,Azerbaijan,,,,,,,,,,,,,,,,,,,,0.0,0.0,0.0,0.0,0.0,0.0,0.0,0.0,0.0,0.0,0.0,0.0,0.0,0.0,0.0,0.0,0.0,0.0,0.0,0.0,0.0,0.0,0.0,0.0,0.0,0.0,0.0,0.0,0.0,0.0,0.0,0.0,0.0,0.0
52,Belarus,,,,,,,,,,,,,,,,,,,,0.0,0.0,0.0,0.0,0.0,0.0,0.0,0.0,0.0,0.0,0.0,0.0,0.0,0.0,0.0,0.0,0.0,0.0,0.0,0.0,0.0,0.0,0.0,0.0,0.0,0.0,0.0,0.0,0.0,0.0,0.0,0.0,0.0,0.0
53,Kazakhstan,,,,,,,,,,,,,,,,,,,,0.0,0.0,0.0,0.0,0.023,0.0,0.122,0.105,0.10099999999999999,0.086,0.018000000000000002,0.02,0.068,0.02,0.0,0.0,0.0,0.0,0.0,0.0,0.0,0.0,0.0,0.0,0.0,0.0,0.0,0.0,0.0,0.0,0.0,0.0,0.0,0.0
54,Russian Federation,,,,,,,,,,,,,,,,,,,,22.473000000000003,23.809,28.217,30.505,30.85,26.774,27.14934154,27.068380323000003,26.968819297,22.134226366,22.521609268000002,24.669864688,24.550391456,23.469022944000002,27.577046658,29.577544463000002,30.984975335999998,32.047110466999996,34.018645065,32.743585102,33.815902611,35.39756528,36.21702041,36.901819251,37.014639996,38.560596460999996,39.132303028,40.171493868,39.034280672,40.900891524,44.230033715,44.488931529,45.966776033,46.273469248999994
55,Turkmenistan,,,,,,,,,,,,,,,,,,,,0.0,0.0,0.0,0.0,0.0,0.0,0.0,0.0,0.0,0.0,0.0,0.0,0.0,0.0,0.0,0.0,0.0,0.0,0.0,0.0,0.0,0.0,0.0,0.0,0.0,0.0,0.0,0.0,0.0,0.0,0.0,0.0,0.0,0.0
56,USSR,0.42100000000000004,0.467,0.51,0.7090000000000001,0.8220000000000001,0.993,1.219,2.225,4.856,6.475,8.633,11.547,11.870999999999999,13.49,16.727,19.706,22.685,25.206,32.538000000000004,,,,,,,,,,,,,,,,,,,,,,,,,,,,,,,,,,
57,Uzbekistan,,,,,,,,,,,,,,,,,,,,0.0,0.0,0.0,0.0,0.0,0.0,0.0,0.0,0.0,0.0,0.0,0.0,0.0,0.0,0.0,0.0,0.0,0.0,0.0,0.0,0.0,0.0,0.0,0.0,0.0,0.0,0.0,0.0,0.0,0.0,0.0,0.0,0.0,0.0
60,Iran,0.0,0.0,0.0,0.0,0.0,0.0,0.0,0.0,0.0,0.0,0.0,0.0,0.0,0.0,0.0,0.0,0.0,0.0,0.0,0.0,0.0,0.0,0.0,0.0,0.0,0.0,0.0,0.0,0.0,0.0,0.0,0.0,0.0,0.0,0.0,0.0,0.0,0.0,0.0,0.0,0.0,0.0,0.0,0.0,0.0,0.025141673,0.334384255,0.978011093,0.9367787479999999,0.802597638,1.4883870609999998,1.600571722,1.58395559
61,Iraq,0.0,0.0,0.0,0.0,0.0,0.0,0.0,0.0,0.0,0.0,0.0,0.0,0.0,0.0,0.0,0.0,0.0,0.0,0.0,0.0,0.0,0.0,0.0,0.0,0.0,0.0,0.0,0.0,0.0,0.0,0.0,0.0,0.0,0.0,0.0,0.0,0.0,0.0,0.0,0.0,0.0,0.0,0.0,0.0,0.0,0.0,0.0,0.0,0.0,0.0,0.0,0.0,0.0
62,Israel,0.0,0.0,0.0,0.0,0.0,0.0,0.0,0.0,0.0,0.0,0.0,0.0,0.0,0.0,0.0,0.0,0.0,0.0,0.0,0.0,0.0,0.0,0.0,0.0,0.0,0.0,0.0,0.0,0.0,0.0,0.0,0.0,0.0,0.0,0.0,0.0,0.0,0.0,0.0,0.0,0.0,0.0,0.0,0.0,0.0,0.0,0.0,0.0,0.0,0.0,0.0,0.0,0.0
63,Kuwait,0.0,0.0,0.0,0.0,0.0,0.0,0.0,0.0,0.0,0.0,0.0,0.0,0.0,0.0,0.0,0.0,0.0,0.0,0.0,0.0,0.0,0.0,0.0,0.0,0.0,0.0,0.0,0.0,0.0,0.0,0.0,0.0,0.0,0.0,0.0,0.0,0.0,0.0,0.0,0.0,0.0,0.0,0.0,0.0,0.0,0.0,0.0,0.0,0.0,0.0,0.0,0.0,0.0
64,Oman,0.0,0.0,0.0,0.0,0.0,0.0,0.0,0.0,0.0,0.0,0.0,0.0,0.0,0.0,0.0,0.0,0.0,0.0,0.0,0.0,0.0,0.0,0.0,0.0,0.0,0.0,0.0,0.0,0.0,0.0,0.0,0.0,0.0,0.0,0.0,0.0,0.0,0.0,0.0,0.0,0.0,0.0,0.0,0.0,0.0,0.0,0.0,0.0,0.0,0.0,0.0,0.0,0.0
65,Qatar,0.0,0.0,0.0,0.0,0.0,0.0,0.0,0.0,0.0,0.0,0.0,0.0,0.0,0.0,0.0,0.0,0.0,0.0,0.0,0.0,0.0,0.0,0.0,0.0,0.0,0.0,0.0,0.0,0.0,0.0,0.0,0.0,0.0,0.0,0.0,0.0,0.0,0.0,0.0,0.0,0.0,0.0,0.0,0.0,0.0,0.0,0.0,0.0,0.0,0.0,0.0,0.0,0.0
66,Saudi Arabia,0.0,0.0,0.0,0.0,0.0,0.0,0.0,0.0,0.0,0.0,0.0,0.0,0.0,0.0,0.0,0.0,0.0,0.0,0.0,0.0,0.0,0.0,0.0,0.0,0.0,0.0,0.0,0.0,0.0,0.0,0.0,0.0,0.0,0.0,0.0,0.0,0.0,0.0,0.0,0.0,0.0,0.0,0.0,0.0,0.0,0.0,0.0,0.0,0.0,0.0,0.0,0.0,0.0
67,United Arab Emirates,0.0,0.0,0.0,0.0,0.0,0.0,0.0,0.0,0.0,0.0,0.0,0.0,0.0,0.0,0.0,0.0,0.0,0.0,0.0,0.0,0.0,0.0,0.0,0.0,0.0,0.0,0.0,0.0,0.0,0.0,0.0,0.0,0.0,0.0,0.0,0.0,0.0,0.0,0.0,0.0,0.0,0.0,0.0,0.0,0.0,0.0,0.0,0.0,0.0,0.0,0.0,0.0,0.0
70,Algeria,0.0,0.0,0.0,0.0,0.0,0.0,0.0,0.0,0.0,0.0,0.0,0.0,0.0,0.0,0.0,0.0,0.0,0.0,0.0,0.0,0.0,0.0,0.0,0.0,0.0,0.0,0.0,0.0,0.0,0.0,0.0,0.0,0.0,0.0,0.0,0.0,0.0,0.0,0.0,0.0,0.0,0.0,0.0,0.0,0.0,0.0,0.0,0.0,0.0,0.0,0.0,0.0,0.0
71,Egypt,0.0,0.0,0.0,0.0,0.0,0.0,0.0,0.0,0.0,0.0,0.0,0.0,0.0,0.0,0.0,0.0,0.0,0.0,0.0,0.0,0.0,0.0,0.0,0.0,0.0,0.0,0.0,0.0,0.0,0.0,0.0,0.0,0.0,0.0,0.0,0.0,0.0,0.0,0.0,0.0,0.0,0.0,0.0,0.0,0.0,0.0,0.0,0.0,0.0,0.0,0.0,0.0,0.0
72,Morocco,0.0,0.0,0.0,0.0,0.0,0.0,0.0,0.0,0.0,0.0,0.0,0.0,0.0,0.0,0.0,0.0,0.0,0.0,0.0,0.0,0.0,0.0,0.0,0.0,0.0,0.0,0.0,0.0,0.0,0.0,0.0,0.0,0.0,0.0,0.0,0.0,0.0,0.0,0.0,0.0,0.0,0.0,0.0,0.0,0.0,0.0,0.0,0.0,0.0,0.0,0.0,0.0,0.0
73,South Africa,0.0,0.0,0.0,0.0,0.0,0.0,0.0,0.0,0.0,0.0,0.0,0.0,0.0,0.0,0.0,0.0,0.0,0.0,0.88812961,1.202651944,1.9918993530000002,1.395438295,2.374304204,2.511426891,1.911797982,2.069059148,2.101642821,1.641625572,2.194189223,2.557134324,2.66438885,2.861700655,3.0775669660000005,2.9046929169999998,2.943838552,2.425442287,2.7132641160000004,2.865320909,3.024193943,2.555245998,2.26863362,2.560754823,2.942480803,2.8976782919999997,3.060822709,2.919400824,2.934206884,3.191835626,3.121238102,2.768927909,3.6008143639999997,3.5652660989999996,2.509487034
74,Eastern Africa,0.0,0.0,0.0,0.0,0.0,0.0,0.0,0.0,0.0,0.0,0.0,0.0,0.0,0.0,0.0,0.0,0.0,0.0,0.0,0.0,0.0,0.0,0.0,0.0,0.0,0.0,0.0,0.0,0.0,0.0,0.0,0.0,0.0,0.0,0.0,0.0,0.0,0.0,0.0,0.0,0.0,0.0,0.0,0.0,0.0,0.0,0.0,0.0,0.0,0.0,0.0,0.0,0.0
80,Australia,0.0,0.0,0.0,0.0,0.0,0.0,0.0,0.0,0.0,0.0,0.0,0.0,0.0,0.0,0.0,0.0,0.0,0.0,0.0,0.0,0.0,0.0,0.0,0.0,0.0,0.0,0.0,0.0,0.0,0.0,0.0,0.0,0.0,0.0,0.0,0.0,0.0,0.0,0.0,0.0,0.0,0.0,0.0,0.0,0.0,0.0,0.0,0.0,0.0,0.0,0.0,0.0,0.0
81,Bangladesh,0.0,0.0,0.0,0.0,0.0,0.0,0.0,0.0,0.0,0.0,0.0,0.0,0.0,0.0,0.0,0.0,0.0,0.0,0.0,0.0,0.0,0.0,0.0,0.0,0.0,0.0,0.0,0.0,0.0,0.0,0.0,0.0,0.0,0.0,0.0,0.0,0.0,0.0,0.0,0.0,0.0,0.0,0.0,0.0,0.0,0.0,0.0,0.0,0.0,0.0,0.0,0.0,0.0
82,China,0.0,0.0,0.0,0.0,0.0,0.0,0.0,0.0,0.0,0.0,0.0,0.0,0.0,0.0,0.0,0.0,0.0,0.0,0.0,0.0,0.0,0.0,0.0,0.0,0.0,0.0,0.0,0.363,3.34,2.904,3.245,3.263,3.1910000000000003,3.383,3.7880000000000003,3.9539999999999997,5.687,9.809,11.419876000999999,12.012490383,12.409603114000001,14.058469475,15.475856450999999,15.869575055,16.71720143,19.538851428,22.03783319,25.255238268000003,29.990043897,38.645291216,48.261528713999994,56.138842376999996,66.606326651
83,China Hong Kong SAR,0.0,0.0,0.0,0.0,0.0,0.0,0.0,0.0,0.0,0.0,0.0,0.0,0.0,0.0,0.0,0.0,0.0,0.0,0.0,0.0,0.0,0.0,0.0,0.0,0.0,0.0,0.0,0.0,0.0,0.0,0.0,0.0,0.0,0.0,0.0,0.0,0.0,0.0,0.0,0.0,0.0,0.0,0.0,0.0,0.0,0.0,0.0,0.0,0.0,0.0,0.0,0.0,0.0
84,India,0.0,0.0,0.0,0.0,0.16399999999999998,0.29600000000000004,0.22,0.209,0.40700000000000003,0.485,0.601,0.419,0.512,0.531,0.5539999999999999,0.5579999999999999,0.488,0.696,0.914,1.02,1.136,1.204,1.375,0.91,1.4469999999999998,1.225,1.449,1.409,1.119,1.723,1.901,2.279,2.573,2.88,3.568,4.274,4.379,4.105,3.793,4.033,3.9896275510000003,4.034887089,3.446334344,3.805082138,5.222905824,7.291408336,7.498689867,7.5368240029999995,7.848517898,8.668036385,8.575272661,8.465956917,8.836199484
85,Indonesia,0.0,0.0,0.0,0.0,0.0,0.0,0.0,0.0,0.0,0.0,0.0,0.0,0.0,0.0,0.0,0.0,0.0,0.0,0.0,0.0,0.0,0.0,0.0,0.0,0.0,0.0,0.0,0.0,0.0,0.0,0.0,0.0,0.0,0.0,0.0,0.0,0.0,0.0,0.0,0.0,0.0,0.0,0.0,0.0,0.0,0.0,0.0,0.0,0.0,0.0,0.0,0.0,0.0
86,Japan,0.006,0.084,0.192,0.163,0.212,0.748,1.6059999999999999,1.9869999999999999,4.205,4.913,8.316,6.374,11.776,14.017999999999999,18.695999999999998,19.373,23.88,24.616,28.678,36.108521519,37.419043083000005,42.676607231999995,39.348538942,42.045118341999995,44.026626918000005,47.222139203999994,49.109637055,56.048313119,58.435078517,64.915659592,67.09081866300001,72.669805177,73.759753586,71.782352582,72.209253292,72.529760601,71.10883151600001,52.06083948,64.684247183,66.30723265600001,68.853366747,63.132696746,56.963424673,62.146563561,66.152606915,36.866381183,4.0710064710000005,3.304272299,0.0,1.023760239,4.000173327,6.578730846,11.111463095
87,Malaysia,0.0,0.0,0.0,0.0,0.0,0.0,0.0,0.0,0.0,0.0,0.0,0.0,0.0,0.0,0.0,0.0,0.0,0.0,0.0,0.0,0.0,0.0,0.0,0.0,0.0,0.0,0.0,0.0,0.0,0.0,0.0,0.0,0.0,0.0,0.0,0.0,0.0,0.0,0.0,0.0,0.0,0.0,0.0,0.0,0.0,0.0,0.0,0.0,0.0,0.0,0.0,0.0,0.0
88,New Zealand,0.0,0.0,0.0,0.0,0.0,0.0,0.0,0.0,0.0,0.0,0.0,0.0,0.0,0.0,0.0,0.0,0.0,0.0,0.0,0.0,0.0,0.0,0.0,0.0,0.0,0.0,0.0,0.0,0.0,0.0,0.0,0.0,0.0,0.0,0.0,0.0,0.0,0.0,0.0,0.0,0.0,0.0,0.0,0.0,0.0,0.0,0.0,0.0,0.0,0.0,0.0,0.0,0.0
89,Pakistan,0.0,0.0,0.0,0.0,0.0,0.0,0.011000000000000001,0.046,0.12,0.138,0.11699999999999999,0.07400000000000001,0.038,0.012,0.018000000000000002,0.038,0.046,0.062,0.075,0.08800000000000001,0.11900000000000001,0.069,0.044000000000000004,0.027000000000000003,0.095,0.095,0.125,0.092,0.133,0.11800000000000001,0.07400000000000001,0.102,0.08900000000000001,0.018000000000000002,0.214,0.47200000000000003,0.429,0.431,0.547,0.594424583,0.621803865,0.569534326,0.429922614,0.615920713,0.544417794,0.878399783,1.195411142,1.182060913,1.051952754,1.0877042129999999,1.314884373,1.893695977,2.235489433
90,Philippines,0.0,0.0,0.0,0.0,0.0,0.0,0.0,0.0,0.0,0.0,0.0,0.0,0.0,0.0,0.0,0.0,0.0,0.0,0.0,0.0,0.0,0.0,0.0,0.0,0.0,0.0,0.0,0.0,0.0,0.0,0.0,0.0,0.0,0.0,0.0,0.0,0.0,0.0,0.0,0.0,0.0,0.0,0.0,0.0,0.0,0.0,0.0,0.0,0.0,0.0,0.0,0.0,0.0
91,Singapore,0.0,0.0,0.0,0.0,0.0,0.0,0.0,0.0,0.0,0.0,0.0,0.0,0.0,0.0,0.0,0.0,0.0,0.0,0.0,0.0,0.0,0.0,0.0,0.0,0.0,0.0,0.0,0.0,0.0,0.0,0.0,0.0,0.0,0.0,0.0,0.0,0.0,0.0,0.0,0.0,0.0,0.0,0.0,0.0,0.0,0.0,0.0,0.0,0.0,0.0,0.0,0.0,0.0
92,South Korea,0.0,0.0,0.0,0.0,0.0,0.0,0.0,0.0,0.0,0.0,0.0,0.016170973,0.5259483189999999,0.7131972670000001,0.78679323,0.655565235,0.854706295,2.028569037,2.668248857,3.7890530389999997,6.406122324,8.895821377999999,9.073781961,10.717557134,11.966909988,12.741718333,12.791377563,13.15522537,13.271239987000001,15.166911119000002,16.727234466,17.44255985,20.294377517,23.320762773000002,24.655776802,25.372908766,26.950016971,29.341485948000003,29.577502828000004,33.212432231,33.658163325,32.343115355,34.15801602,33.436848215,33.623503643,35.009980314,34.015317238,31.403351811999997,35.390892655,37.28162556,36.655451871,33.585266099,30.209078155
93,Sri Lanka,0.0,0.0,0.0,0.0,0.0,0.0,0.0,0.0,0.0,0.0,0.0,0.0,0.0,0.0,0.0,0.0,0.0,0.0,0.0,0.0,0.0,0.0,0.0,0.0,0.0,0.0,0.0,0.0,0.0,0.0,0.0,0.0,0.0,0.0,0.0,0.0,0.0,0.0,0.0,0.0,0.0,0.0,0.0,0.0,0.0,0.0,0.0,0.0,0.0,0.0,0.0,0.0,0.0
94,Taiwan,0.0,0.0,0.0,0.0,0.0,0.0,0.0,0.0,0.0,0.0,0.0,0.023,0.604,1.432,1.855,2.414,2.9606297230000003,4.277435625,5.563865231,6.500144816000001,6.096030457,7.496114405,6.935614563,6.398184821,7.436745486,7.985265421,7.658167398,7.7734884829999995,7.890334661,7.991048558999999,8.550411821,8.206876272999999,8.332458085,8.692538625,8.712221234,8.029692356,8.949839451,8.800193375,8.935616826,9.044668507,9.02169928,9.17300086,9.238100103999999,9.406509662000001,9.419534122,9.529911481000001,9.146429334,9.421948681,9.59156786,8.252505001,7.1641767210000005,5.078856858,6.26383672
95,Thailand,0.0,0.0,0.0,0.0,0.0,0.0,0.0,0.0,0.0,0.0,0.0,0.0,0.0,0.0,0.0,0.0,0.0,0.0,0.0,0.0,0.0,0.0,0.0,0.0,0.0,0.0,0.0,0.0,0.0,0.0,0.0,0.0,0.0,0.0,0.0,0.0,0.0,0.0,0.0,0.0,0.0,0.0,0.0,0.0,0.0,0.0,0.0,0.0,0.0,0.0,0.0,0.0,0.0
96,Vietnam,0.0,0.0,0.0,0.0,0.0,0.0,0.0,0.0,0.0,0.0,0.0,0.0,0.0,0.0,0.0,0.0,0.0,0.0,0.0,0.0,0.0,0.0,0.0,0.0,0.0,0.0,0.0,0.0,0.0,0.0,0.0,0.0,0.0,0.0,0.0,0.0,0.0,0.0,0.0,0.0,0.0,0.0,0.0,0.0,0.0,0.0,0.0,0.0,0.0,0.0,0.0,0.0,0.0
