1965,1966,1967,1968,1969,1970,1971,1972,1974,1975,1976,1977,1978,1979,1980,1981,1982,1983,1984,1985,1986,1987,1988,1989,1990,1991,1992,1993,1994,1995,1996,1997,1998,1999,2000,2001,2002,2003,2004,2005,2006,2007,2008,2009,2010,2011,2012,2013,2014,2015,2016,2017,2018,1973,Growth rate per annum 2007-17,Growth rate per annum 2018,Number of Records,Primary Energy: Consumption* Million tonnes oil equivalent,Share 2018
115.910848753,122.991657081,129.026540740,137.695457416,145.303022570,155.587992011,159.794037212,170.698240231,187.556716609,185.469176292,196.111210799,205.538248314,209.151937722,211.629192874,216.682424823,210.677242587,213.404145111,211.693978398,225.405948744,232.375731126,232.753894653,240.772642602,250.841405756,253.629229704,248.959370515,249.176779919,255.459400444,261.004880655,270.622254816,276.541290651,284.160332651,286.588538777,282.910416753,291.885348664,300.413821939,293.888514962,303.549132856,305.679634659,309.852518289,313.583047361,310.394163774,322.059112686,321.540727407,304.885433045,311.964129848,327.203681006,324.724983207,337.019815705,341.813863067,339.043045618,338.223483511,343.696739405,344.424157109,181.241163299,0.006523646,0.002116452,1,Canada,0.024841476
24.972963901,26.432788381,26.922222420,29.291126910,32.196346197,34.320386235,36.094722429,39.916724209,47.492627092,50.775610002,54.009616002,56.952879091,64.238349039,71.021967295,77.443142809,85.458175547,89.125371314,88.191172240,92.249922929,96.716048478,93.984953376,97.137908476,97.799225431,103.227647540,108.603973271,112.835897516,114.741069079,115.315196764,122.074802174,119.992830932,123.752013330,125.921360241,131.586596479,133.140591132,139.399538705,137.807104270,142.317046422,143.598709059,151.381068104,161.150425537,166.318997162,167.264861581,170.836235510,169.543060708,174.578145567,183.054675709,184.181944580,185.033922543,184.141764199,183.970403780,186.358373481,189.300608459,186.913820002,43.065294988,0.012452669,-0.012608456,1,Mexico,0.013481096
1249.642424483,1320.037949534,1365.733676410,1448.932114054,1526.191927949,1577.850993312,1610.270680684,1692.888180146,1716.951707363,1674.177716299,1765.631269773,1812.216488497,1819.342936801,1841.161519201,1774.179423637,1721.830187062,1649.015940908,1641.204203318,1728.574250116,1724.019084948,1733.986995785,1792.919249239,1874.835636681,1919.015623683,1922.421952414,1919.262625798,1948.530846821,1989.194647693,2026.309381185,2069.075846459,2138.498007569,2155.343629249,2169.427093798,2207.391744213,2258.031769116,2206.694704994,2239.832804471,2248.699196446,2294.746113854,2297.446456282,2280.438166701,2314.171438476,2258.634275335,2148.679835054,2223.278288739,2204.148601780,2148.453583311,2208.025392355,2232.931428428,2213.209940879,2212.662101596,2222.480693554,2300.640295737,1762.245097877,-0.004034610,0.035167731,1,US,0.165932907
1390.526237137,1469.462394997,1521.682439570,1615.918698380,1703.691296715,1767.759371559,1806.159440326,1903.503144585,1952.001051064,1910.422502593,2015.752096574,2074.707615902,2092.733223562,2123.812679370,2068.304991269,2017.965605196,1951.545457333,1941.089353956,2046.230121788,2053.110864552,2060.725843814,2130.829800318,2223.476267868,2275.872500928,2279.985296200,2281.275303233,2318.731316344,2365.514725112,2419.006438175,2465.609968042,2546.410353550,2567.853528267,2583.924107031,2632.417684009,2697.845129760,2638.390324226,2685.698983749,2697.977540165,2755.979700247,2772.179929180,2757.151327636,2803.495412743,2751.011238252,2623.108328808,2709.820564154,2714.406958495,2657.360511098,2730.079130604,2758.887055695,2736.223390277,2737.243958587,2755.478041418,2831.978272848,1986.551556164,-0.001726114,0.027762962,1,Total North America,0.204255480
26.914442218,27.809712839,28.635373460,29.623571586,30.644711860,28.937325736,30.747979338,31.299226308,34.004123699,33.074732607,34.886373248,36.504839433,37.193774934,39.414452270,39.315913413,37.890111620,38.806032472,40.490875836,40.378241685,39.433208061,43.553360119,45.508608570,46.340400642,44.365738959,43.815872676,44.326519178,47.672370309,49.164234802,50.020645748,52.070803256,55.823948725,55.416796061,57.479422515,56.274490218,58.482063896,57.798775373,55.090871074,59.213678344,62.486684742,66.705058396,70.147519804,73.341197376,74.658290843,73.284786660,77.182535337,78.724688111,81.019815256,84.488736873,84.127454699,86.098899698,85.917292049,86.103673715,85.052439118,32.626256345,0.016172338,-0.012208940,1,Argentina,0.006134379
22.486225077,24.529219413,25.404552846,29.122827677,31.813745217,37.369777759,40.871057055,47.072427516,61.315546755,64.745004974,71.061201354,75.876592206,83.625819509,90.464551799,92.173363268,89.794160038,94.196470883,95.955269887,102.956472637,109.598747597,117.001723641,120.513563417,125.045279182,127.526839274,125.344064535,130.128554590,136.254050131,142.342138716,149.645740531,157.107371518,165.908600896,175.400854459,181.777141995,185.058869554,188.078798473,185.101879385,189.810009556,193.523243731,203.513295432,209.760382496,215.490953051,229.246661549,239.926146029,238.578210722,263.134341432,275.823786528,281.329395925,292.403142838,299.386206643,295.949648102,289.439294426,293.888754425,297.595143174,56.155979811,0.025151366,0.012611536,1,Brazil,0.021463950
6.168697991,6.613176982,6.743297796,6.736548706,7.251695839,7.652044046,8.176603257,8.414433075,8.029560463,7.231110249,7.581222173,7.840047261,8.318595043,8.581630226,8.856855327,9.083923862,8.305167472,8.478005429,8.888947944,9.147827091,9.553534054,10.018303479,11.207233282,12.406687715,13.089517697,14.626878735,16.145261262,17.080335377,17.966700771,19.362864991,20.582959837,23.552643034,23.700670331,24.753587495,26.113914575,26.290681375,27.240099674,27.125338075,28.560306656,29.695495192,31.750150669,32.493401589,32.174099729,31.547316573,31.715353935,34.502495411,35.315143290,35.703504422,35.074363174,35.914723783,37.667185793,38.308464073,40.097238463,8.137984401,0.016599651,0.046693973,1,Chile,0.002892000
7.544647034,8.219919282,8.748266162,9.212941391,9.366090356,10.216603320,10.035472587,11.273758373,12.604610095,12.852373397,13.387588191,13.691833493,14.634753855,15.541163606,15.794603832,16.176649695,16.911732927,17.782848326,18.239152278,18.953835021,19.543387409,21.248689924,21.247924477,22.345107677,20.865649673,21.682490213,22.762648210,25.018982875,26.834499504,27.257719900,27.925806094,28.803651656,28.981911823,26.742136239,26.085147273,25.699267326,25.629652602,26.578713225,27.093304577,27.201569899,30.566654038,30.732956270,33.265243964,31.791785702,34.084187206,35.723962319,38.279986959,38.851284807,41.011439025,41.306727924,44.243020477,45.510476167,46.948342204,11.249492869,0.040041584,0.031594177,1,Colombia,0.003386133
0.759052236,0.800070460,0.866940265,1.020639056,1.086027587,1.293278136,1.421773025,1.588086964,1.825693513,1.822409525,2.020537332,2.488725327,2.570449890,2.671690766,3.375896532,3.741928060,4.107499045,4.064769585,4.564202685,5.149505984,5.378353971,5.535535799,5.466650545,5.605660327,5.686802224,6.321869319,6.148810448,6.593570844,7.177375294,6.685657265,7.602793959,8.470332125,8.596522721,8.089361928,8.609287259,8.711795719,8.590024700,8.734797622,9.645715217,10.236198072,10.835479423,11.378574713,12.112007913,11.876825601,13.217499352,14.013550738,14.815475330,15.320159665,16.108058255,16.071329689,16.026906881,16.660918935,17.626757673,1.581186467,0.038869769,0.057970316,1,Ecuador,0.001271324
4.784962199,5.824950521,5.924197220,6.029627035,6.069768937,6.333776353,6.537181650,5.849884597,7.796194349,8.025347664,8.152659946,8.196909826,8.155069125,8.480680747,9.065840837,9.511437112,9.495264004,8.386519996,8.806096545,8.751917763,9.366554016,10.064693558,9.825544559,9.010264240,8.911922544,8.818436943,8.629563994,9.376896211,10.205143118,11.142778781,11.523532750,11.626483414,11.660153404,11.993718567,12.330355814,12.179791597,12.506596284,12.346642032,13.197447612,13.827954718,13.963232331,15.346412838,16.593795420,17.046102612,18.757261985,20.938417043,21.333913088,21.940368550,22.574451773,24.211062579,25.505612115,25.399362315,27.003788779,6.722102856,0.051675105,0.063167982,1,Peru,0.001947639
2.960676164,3.156066515,3.367316799,3.472747861,3.579586976,3.841838506,3.881387502,5.350345131,5.111840262,4.118815963,4.631371167,4.818343382,4.851188135,4.286101554,4.121726206,4.352546479,5.112082863,4.987819646,4.916552114,5.081056908,5.282612276,4.986791779,5.480557000,5.391817803,5.983024320,5.965163388,6.313811549,6.655359783,7.052909434,7.648621134,8.666528000,8.664238088,8.794576938,9.774631617,9.642769091,10.737299388,11.560206694,12.176932256,13.391263049,14.432396206,15.437146480,16.333519725,15.866158822,16.042916499,17.502130201,17.586519182,16.720633500,17.213811277,16.752731835,16.928928459,15.419737097,15.244741764,15.261229062,5.307008499,-0.006874738,0.001081507,1,Trinidad & Tobago,0.001100711
16.432652015,16.590700605,17.485046802,18.844132479,19.051580933,19.186945248,19.473253841,20.575441291,24.336083120,25.283256566,27.623873675,30.774912358,31.450591301,34.655321970,38.819371583,40.274730966,41.060734994,40.850047208,41.603115973,42.682976162,45.834849597,45.638897117,47.480151893,47.874520339,50.861576405,51.001451302,55.222025697,54.618010078,59.298368246,61.105314740,59.444563203,62.830608363,66.713794920,64.285399124,65.547589342,69.649907370,69.597576935,62.518158586,69.757552045,72.877183571,81.156865812,81.762062688,84.625209069,84.380511637,79.664473192,83.417480071,86.931389545,84.906934198,82.146952141,79.332240731,72.263067713,73.608419161,64.640483486,23.558461505,-0.010450406,-0.121833016,1,Venezuela,0.004662173
4.310472231,4.378439991,4.636730067,4.746743955,5.072072197,5.289494810,5.568586651,6.040321506,6.511645855,7.153251443,7.437394316,7.579037389,7.911296674,8.047361941,7.789921462,7.886575327,7.871089879,7.928020920,8.017130914,8.200697682,8.483140282,9.038042741,8.960943475,9.522928750,9.856254742,10.448215296,11.469200555,12.312568388,13.079972218,14.130132288,14.327599702,15.129070668,16.815569907,17.349537633,18.119642881,18.794493936,19.085829912,19.974512301,20.578431866,20.794571176,21.926806963,23.010214497,23.617019816,23.206204307,24.156323447,25.425368854,26.337746801,26.607253165,27.488645784,29.936293598,31.303125179,32.133499218,33.667227516,6.343781758,0.033959994,0.047729887,1,Central America,0.002428237
15.028610302,15.718987105,16.369015243,16.836816133,17.870311448,19.325967893,27.683557186,28.553607074,30.946102618,29.891209894,31.061307267,32.035154539,33.114600229,34.869658003,38.526350825,39.042091835,35.361512242,35.055562648,35.509713099,33.069611482,32.975786415,34.021530056,34.092215437,35.395164595,35.360821042,34.378176133,32.594423519,32.460251551,33.985600148,34.194015887,35.484386620,38.562636790,40.040705563,38.422076236,42.596308625,43.362499177,44.084333872,45.105540867,45.624021474,45.801134035,46.871343624,45.627644715,43.555713715,41.227526196,41.131177446,41.746426435,40.541936543,39.391197671,39.515205170,40.272276847,41.596333724,41.671181571,42.411348316,31.093929954,-0.009029386,0.017762077,1,Other Caribbean,0.003058904
2.646286604,3.005861543,3.203393919,3.324137847,3.543801767,3.762475535,4.147022617,4.635452560,4.368196872,4.880042047,4.952192263,5.279533626,5.856132996,6.125708350,6.472497455,6.123132057,5.926724480,5.684697755,5.750970007,6.636038582,8.628072477,10.150031658,10.787328130,11.815162758,12.742984741,13.456994969,13.650658416,14.771195259,16.529481039,18.554278415,19.415117109,21.050643456,21.886024312,21.911016217,21.471281934,19.972512353,20.732747781,21.800729871,21.543616493,21.836555537,21.914396748,23.665573276,24.423508364,25.173368224,26.522369011,27.398614440,28.231279951,29.106292322,28.706903051,29.256900849,31.729624846,31.298259277,31.710372380,4.790928176,0.028348492,0.013167285,1,Other South America,0.002287100
110.036724069,116.647105255,121.384130579,128.970733726,135.349393116,143.209527343,158.543874709,170.652984396,196.849597601,199.077554330,212.795720932,225.085928840,237.682271691,253.138321233,264.312340740,263.877287051,267.154311262,269.664437238,279.630595881,286.705422332,305.601374258,316.724688098,325.934228623,331.259892437,332.518490600,341.154750065,356.862824089,370.393543884,391.796436051,409.259558175,426.705836895,449.507958113,466.446494429,464.654824829,477.077159162,478.298902998,483.927949083,489.098286910,515.391639162,533.168499298,560.060548943,582.938219236,600.817193684,594.155554732,627.067652542,655.301309133,670.856716186,685.932685788,692.892411551,695.279032257,691.111200300,699.827750622,702.014370169,187.567112640,0.018443318,0.003124511,1,Total S. & Cent. America,0.050632550
15.843912776,16.567960764,16.732964895,17.912638409,18.614470016,21.257209071,21.290688305,22.029251912,23.694873093,23.501322421,24.436925489,24.375598344,25.457768005,26.919534448,26.775679072,25.922793551,25.044511125,24.981562500,24.826439369,26.034372746,26.281715255,27.686636809,27.262041486,27.423792974,27.925808516,29.334443102,28.759950311,29.234248606,29.079217122,30.483016941,30.616262151,31.225047261,31.704862829,32.360364372,32.448709860,33.758215909,33.901719729,34.464574047,35.070738766,35.736035476,35.427326715,34.668553518,35.440031047,34.341610062,35.558094116,33.271408970,34.962956094,34.650771566,33.343114620,33.425070620,34.563106256,35.523087172,34.995833437,23.668036002,0.002437946,-0.014842565,1,Austria,0.002524063
35.498942693,34.201241846,35.903531915,40.010750200,43.911906142,46.388586394,45.510814685,48.381087527,47.344236329,44.412388567,47.071807593,47.113705576,49.176189126,50.620900605,48.431936705,46.032838608,43.982809566,42.466322436,44.336702952,46.183969624,47.586662519,48.995351593,49.966240832,50.376079147,53.394575727,55.254200737,55.041775320,54.177938159,57.235216617,57.732224380,61.386418003,61.906789262,63.176818451,62.615108494,64.055994670,63.627106379,63.426742178,65.913549733,66.209242799,65.764647419,66.055001498,66.602242954,67.716690234,63.390578998,67.528679294,63.012766512,60.704123213,62.233813800,58.165131335,59.115098009,63.866878288,64.108176447,62.189227817,49.027483220,-0.003809360,-0.029932978,1,Belgium,0.004485377
10.256239658,10.998583262,12.784878332,14.317246632,15.947367488,17.941430185,18.684633921,19.229234403,20.564646436,22.698973942,23.990684771,25.258441316,26.179193537,27.163245032,28.676907208,28.201059210,28.883254084,29.045601008,28.870351438,28.670849121,29.268975781,29.484771663,30.114125299,29.871286281,27.546957543,22.341264969,20.982463193,22.284324944,21.426193399,22.980381435,22.954516931,21.697408026,20.818418652,18.206921540,18.287340350,19.101505646,18.576650916,19.188610551,18.620086392,20.149668211,20.672205183,20.069525616,19.768863432,17.373390501,18.096787883,19.274379775,18.351133354,17.004864082,18.131976026,19.324028518,18.324093108,18.741423736,18.574242700,19.969285564,-0.006823243,-0.008920402,1,Bulgaria,0.001339661
,,,,,,,,,,,,,,,,,,,,,,,,8.530950032,7.127745828,6.801771706,7.095041912,7.144593211,7.393410178,7.883130156,7.863710035,8.319683546,8.573183342,8.121210773,8.539881932,8.593311544,9.015861146,9.340685461,9.255802633,9.159474571,9.245814631,9.185178630,9.055858454,9.192632973,8.061756278,7.478308177,8.180813888,8.182472163,7.775425229,8.093724584,8.107743872,8.638260471,,-0.013049244,0.065433320,1,Croatia,0.000623032
0.402429111,0.459039768,0.497614336,0.552644167,0.652604782,0.688291416,0.821024458,0.923217875,0.878167168,0.733467756,0.745748877,0.842388961,0.863670273,0.876425910,0.883806105,0.847480104,1.015803263,1.068846064,1.084478838,1.166412702,1.216116796,1.485883515,1.534394311,1.574551376,1.657311766,1.677743480,1.960161651,2.036988631,2.040615673,2.169447382,2.201618038,2.222839448,2.359983281,2.483291392,2.601986696,2.631956387,2.595523335,2.759097210,2.685139716,3.008819654,2.958861100,3.008355761,3.084808188,3.010993364,2.928572305,2.895956724,2.713163494,2.426904248,2.428662787,2.505103598,2.724921227,2.799250293,2.784047948,0.990470359,-0.007178316,-0.005430863,1,Cyprus,0.000200799
40.245220741,40.550298223,39.924609702,41.652169318,43.434503272,45.254941005,47.568588086,47.842708656,48.611493265,50.620424334,52.041637313,53.740968520,54.496517675,55.060475900,53.314305460,52.927815133,52.319359750,52.353034394,53.858909907,54.211385473,54.743474826,55.912234141,56.150035182,54.419646484,46.756522061,42.544793374,41.274036402,40.925882097,39.826079684,41.518161492,42.950942699,41.184934441,39.969469610,38.299393238,40.494320763,41.414641010,41.503475432,43.861248094,44.979536463,44.331813625,45.214037564,44.750626760,43.947920854,42.199913890,44.003859875,43.040291136,42.829001391,42.057214015,41.173044038,40.493149486,39.894962951,41.763097258,42.118622364,48.135636023,-0.006885420,0.008512901,1,Czech Republic,0.003037791
14.289982703,16.254572141,16.346320178,17.081935598,19.607884145,20.892227501,19.743967087,20.836582684,18.340592061,18.076753477,19.899999518,20.307893967,20.602650457,20.561241515,20.029784081,17.990748292,17.195055402,16.343540247,16.616815132,18.724775772,19.137122022,18.447154533,18.242114910,16.818317615,17.337537908,19.983283789,18.704885204,19.823741570,21.268604353,20.882551094,24.850970189,22.512056928,21.681878317,21.007187737,20.154811690,20.209949847,20.145445811,21.696930421,20.495835320,19.778710016,21.825716794,20.688953108,19.917431312,18.737111089,19.705347494,18.641096157,17.281087203,18.071212273,17.500095550,16.918882849,17.086429759,17.194200501,16.969111647,20.159651314,-0.018332649,-0.013090975,1,Denmark,0.001223891
,,,,,,,,,,,,,,,,,,,10.185091320,10.136100862,10.289453982,10.114605748,10.423478691,10.354010808,9.342311783,6.770758996,5.370867562,5.425396448,5.064533515,5.339730751,5.280655815,4.941019398,4.530765787,4.661286666,4.818887339,4.764426306,5.203952154,5.441117420,5.356169885,5.274319183,5.979952935,5.714599117,5.071756823,6.141648258,6.327080811,6.390712414,6.614327838,6.460003971,6.026215360,6.075183799,6.628177296,6.904704485,,0.010344857,0.041719945,1,Estonia,0.000497999
9.661209781,11.004911267,11.562157604,12.606849818,13.935908495,15.357629958,15.744259216,16.623642525,17.524129254,17.822728952,18.998658455,19.985718269,20.813848286,22.435956952,22.347536528,22.337741274,22.029542458,21.781884955,22.714602638,23.889063144,24.169673495,25.433602116,25.276135765,25.405789126,27.060234766,27.588668045,27.399441505,27.737319697,29.209262139,27.809155169,29.189636472,29.434995693,30.403685268,29.858757458,30.050386456,30.828141774,31.229207711,33.588899807,33.294629279,30.313167011,32.547100297,32.523030138,31.443747600,29.252078635,31.873184254,29.709065521,28.849845639,29.113176855,28.124374697,27.988314647,28.751848177,28.088529878,29.266528737,18.343574163,-0.014551800,0.041938787,1,Finland,0.002110839
111.318550043,113.875522318,121.570613571,128.133495092,141.470259211,153.295605235,159.603806405,170.623050365,181.839096698,171.032935324,182.562196942,184.196844201,192.552044169,198.191483826,195.280959132,192.505060625,185.234335121,189.345760633,195.145744424,201.266137769,205.860996039,209.365388046,211.904821906,214.931768913,221.373294699,235.340060064,236.934587187,236.588462150,233.320554716,238.918951894,247.979064573,244.593025647,250.575861236,254.744604262,257.909903177,261.630334278,259.737260780,263.222109032,266.110951291,265.464143230,263.987075114,260.214218486,261.869697692,248.004477681,256.048296776,246.876259022,247.268879232,250.123471094,240.355539204,241.880126004,238.399124138,237.477709329,242.596281907,185.427166896,-0.009101473,0.021553907,1,France,0.017497175
254.862100337,255.497774011,254.902324523,272.156711116,293.665732206,309.841170260,312.755168700,323.593980984,336.088581493,322.736788642,344.443055871,343.275823700,355.670410944,375.358654498,362.898302633,351.356415352,338.759263773,343.551991328,355.857977577,365.885779698,362.933681924,365.831549091,366.817867068,362.859990846,357.245688927,348.593705717,341.324908827,339.858312960,336.635683957,338.295087944,349.490139099,344.780851731,342.117357752,337.087047235,339.140262367,345.497691011,341.240772688,341.263247904,341.219904325,337.579481419,346.408331946,331.937567488,335.532901215,315.065519889,327.878409901,316.128506678,320.475099212,329.847806490,316.406162610,322.506425571,328.056012395,333.904123139,323.889178825,342.159214863,0.000590874,-0.029993473,1,Germany,0.023360398
6.789688545,7.438702876,8.191664851,8.516539577,8.992965200,9.996172351,11.911981943,13.362368706,14.950223345,17.041518152,18.829214603,19.528156229,19.867412296,17.445323135,17.280416093,16.788230725,17.014266265,17.156637719,17.901920440,18.915700989,18.945177980,20.737664942,21.911732525,23.771703465,25.034376693,25.213312498,25.601319122,26.000924133,26.451825093,27.394965494,28.130085148,28.909691992,30.718932147,30.655772020,32.339664691,32.673105438,32.806416912,34.471749399,34.535884810,34.736596215,35.909276359,36.621864083,35.326765749,34.183333528,32.548466227,31.723418171,30.031733138,28.474538944,26.812781720,27.030544410,26.611239271,28.034147180,28.326987054,15.377312840,-0.026368334,0.010445828,1,Greece,0.002043074
15.901953712,16.117478408,15.379131079,15.957604853,17.087339782,18.411324066,19.007512492,19.624406157,21.902945567,23.187209731,24.771895075,26.047677152,27.859137480,27.584879980,27.670677797,27.387322418,27.512081494,26.991641540,27.704627209,28.546208751,28.395282889,29.608494889,28.877887599,28.118406587,27.804918768,25.981609253,24.483231908,24.135732006,24.452848924,24.612214965,25.090759978,24.378227850,24.628939090,24.674229195,23.881017246,24.591988661,24.252324488,24.464555818,24.647960164,26.342643211,25.981763966,25.643336443,25.316467202,23.246160793,23.766059202,23.606222672,21.941439040,20.879260181,20.962207338,22.034969920,22.427871119,23.533429050,23.718849131,21.250182717,-0.008549427,0.007879008,1,Hungary,0.001710714
0.634096243,0.666292178,0.658920735,0.697413740,0.691477790,0.829030278,0.902316789,0.980430499,1.149770053,1.101944028,1.137468371,1.202870420,1.256415250,1.307382306,1.320626470,1.345825545,1.374201464,1.417144267,1.492168247,1.477463434,1.543898587,1.593682309,1.680239111,1.741536257,1.743608429,1.700862578,1.761495131,1.829869852,1.850337132,1.908920759,2.024728495,2.118133086,2.287901154,2.502183631,2.656123667,2.692621696,2.808838529,2.827328200,2.897258270,2.917095093,3.244806604,3.704095270,4.640808811,4.656992648,4.680642035,4.703655478,4.773705680,4.950750316,4.965423599,5.213293734,5.260479793,5.475425709,5.618052054,1.182106074,0.039856891,0.026048449,1,Iceland,0.000405200
5.791622546,6.494425197,7.042855913,8.218615160,8.251106462,6.495498002,6.756849166,7.128416592,7.621938340,7.134567035,7.281532514,7.757623976,8.072627612,8.900915073,8.611516629,8.401628454,8.342775924,8.222165938,8.137038977,8.535284948,9.217865932,9.328970118,9.279029594,9.565383511,10.043412450,10.404522222,10.475269661,10.702279886,11.125425209,11.348347184,11.991938751,12.521857281,13.465364836,14.246564824,14.748354726,15.711735386,15.601143265,15.191886249,15.403747842,16.077160347,16.414052705,16.929760461,16.868924588,15.411195133,15.382000466,14.522316764,14.352561023,14.092510102,14.080849738,14.939937469,15.575650143,15.673968367,16.098539495,7.494522382,-0.007677554,0.027087660,1,Ireland,0.001161102
78.542663265,85.340534548,92.576254660,100.138572534,107.929289300,119.267712011,125.674052501,131.842328760,137.612781867,134.534563969,142.227491637,142.371592528,146.049638840,151.138856347,147.412436679,144.337189712,141.412889490,138.449822648,139.969447353,139.483095783,143.281952177,147.773292790,151.410345707,155.868980837,156.592340581,160.011034642,159.901017859,157.340014905,157.011531616,163.578872189,163.743258778,166.049209247,170.477398951,175.811635179,178.320269998,179.280641755,177.979677911,183.908298163,187.318282506,187.611754470,186.794394497,183.370865814,180.999756495,169.150397243,174.422464395,170.496744141,165.756929007,158.177164565,149.719162451,153.054333618,154.658079710,156.260074368,154.486443697,137.698516896,-0.015871590,-0.011350504,1,Italy,0.011142283
,,,,,,,,,,,,,,,,,,,9.055834365,8.408606394,7.645671560,7.229607692,7.210952464,7.308960951,6.759572379,4.833561780,4.146145914,4.002371934,3.749998408,3.513295300,3.509088799,3.788210569,3.241311896,3.167258156,3.421698913,3.465680905,3.416576466,3.850549788,3.966692531,3.778771245,3.888382798,3.925104834,3.710555932,4.224909041,3.775942390,3.900041997,3.757436152,3.457586780,3.540750769,3.775507905,4.145063039,3.679729281,,0.006412941,-0.112262167,1,Latvia,0.000265399
,,,,,,,,,,,,,,,,,,,15.357949317,14.150376234,14.845993251,15.525028133,16.768537077,17.046016446,18.041089067,10.973106913,8.562603862,7.438351600,8.257698373,8.969051126,8.286511140,8.876229873,7.404133031,6.551176847,7.653695629,8.158287215,8.570686282,8.671578411,7.926141067,7.621131019,8.357368415,8.300790128,7.628892846,5.635406019,5.850521765,5.875327198,5.420927231,5.230410667,5.464820466,5.565034435,5.879639127,5.846770488,,-0.034553722,-0.005590248,1,Lithuania,0.000421696
3.592083973,3.442124998,3.389757727,3.666350914,3.946220559,4.097435708,3.940557018,4.063285460,4.373993279,3.633280679,3.639689741,3.395455649,3.532658594,3.631025487,3.346924700,2.861784173,2.681308867,2.506369403,2.700380163,2.773462466,2.710797348,2.561179269,2.625027837,3.016640962,3.191871476,3.430229364,3.440537490,3.485709617,3.351147764,2.914448728,2.998374573,2.933887526,2.832086989,2.993599948,3.193758817,3.422937340,3.743018725,3.925711457,4.446924828,4.513269680,4.432929297,4.303678379,4.272083928,4.085902443,4.302884822,4.192065470,4.116203118,3.921708599,3.799294652,3.693331809,3.645425364,3.803814750,3.987491799,4.307763643,-0.012270659,0.048287590,1,Luxembourg,0.000287597
35.594161102,38.123597067,40.309546694,45.087861111,50.277755422,56.727609344,59.820789218,69.482836916,70.049170512,70.601586305,76.992782952,75.671417126,77.069671743,79.698087500,74.805198161,70.952009109,65.584360993,65.909073224,68.437150088,70.660901423,74.157614461,75.691955407,75.936318754,76.277623649,78.210836612,79.698605931,80.638525771,81.305453507,80.426092366,83.700096104,87.304152748,85.756602904,86.330198403,85.274712311,86.377050013,89.698866811,89.721472508,90.340349798,93.368043012,95.297670072,93.354942564,94.950686269,93.770555878,92.432269508,97.848926708,93.681120680,90.637869953,87.949218492,83.097740564,84.149612157,85.669304117,84.503926547,84.788307991,73.899991330,-0.011588299,0.003365304,1,Netherlands,0.006115328
,,,,,,,,,,,,,,,,,,,,,,,,2.536525566,2.508295546,2.576182239,2.588960181,2.426109471,2.441142050,2.837809054,2.555524610,2.886635405,2.755973258,2.619689267,2.479181389,2.419952081,2.717680527,2.683273123,2.768782924,2.814833789,2.806760124,2.715493443,2.670292331,2.883974899,2.891258856,2.687458473,2.577269368,2.395891906,2.523517201,2.620599686,2.530890019,2.645844610,,-0.010292645,0.045420619,1,North Macedonia,0.000190831
17.119608212,17.575024340,18.864931921,21.120780722,21.234727471,22.288250918,23.526369094,24.936661706,26.378106319,26.784531276,28.672515547,26.519906435,29.753404937,31.824883463,30.323638005,31.913017222,31.507573737,34.511241238,34.991426315,34.576592062,33.836931680,35.488628278,36.514074061,38.834302287,39.196599248,36.185366612,38.088656586,39.337488602,38.090648568,40.333749477,37.209190773,39.105275731,40.624550503,41.626711671,45.933378892,41.957102092,43.752732609,38.990583871,39.852091106,45.487009128,41.910296115,45.118256634,46.383022190,43.053259622,41.554143288,42.389933736,47.278895407,44.312026373,45.713532608,46.532589611,47.225129488,47.634524440,47.381096195,26.388957774,0.005441837,-0.005320264,1,Norway,0.003417346
66.703776433,68.002945820,69.987508018,75.324570623,80.460514856,84.893093846,87.581789026,92.374631292,97.199593313,104.857868258,110.479085335,115.187851831,120.943518729,122.744789418,128.523511907,115.874596407,118.005427007,118.541681270,123.238051323,126.020851649,129.586794067,133.791575874,131.234711452,126.306614196,104.027327342,101.775900831,97.321065970,97.276794828,93.085767948,95.276923102,100.021235325,99.037586072,94.868739332,93.027603641,87.421642407,86.800625297,85.869964783,88.881249089,89.448875689,91.423223194,95.947675275,95.651466266,97.365259416,93.925202252,100.002621614,100.524980184,97.519509814,97.815439981,94.222015342,95.244128813,99.415337492,103.414680437,105.150895252,94.106871731,0.007834118,0.016788862,1,Poland,0.007583973
4.163347936,4.533755774,4.853196845,4.951099663,5.343478495,6.439335404,7.099150961,7.709191821,8.928116940,8.908764796,8.860152009,9.918191197,10.437643057,11.076094835,10.835553934,10.718357691,11.557133368,11.941343077,12.402480413,12.626698957,13.441590705,13.743749713,15.193017155,16.612823150,16.775325662,17.416653197,17.722563545,18.132490892,18.737154177,20.629778665,21.103317304,21.455989291,23.445642812,24.140121804,24.835714044,25.151741361,25.126985282,25.641788957,25.277141963,25.323749373,25.009680117,25.213668563,24.372239751,24.545677637,25.789990948,24.654132734,22.556237512,24.731447854,24.948262881,24.784875082,26.189991374,25.757416662,25.970313097,8.532054324,0.002135914,0.008265442,1,Portugal,0.001873100
23.936157543,25.531454157,28.482666177,30.306648771,34.832854459,37.067194272,39.304658030,41.348246176,45.291331091,49.247910292,53.284580403,56.481654470,60.818170328,62.005988507,62.575454657,62.720693293,62.202340410,61.817124962,61.334076665,60.930329844,62.474323870,64.787394401,65.630829244,65.801385445,62.897805005,53.284361255,47.021963800,45.663496330,43.044329655,47.237367529,46.946628938,44.411820398,40.550531108,35.610382366,35.631936325,36.071738190,37.468818220,37.570039698,38.903813997,38.947777979,39.822737230,38.477552138,38.594034491,33.753965192,34.017488834,34.940992244,33.642386461,31.371692914,32.704323779,32.776090551,32.831564628,33.355937192,33.397299729,45.001840960,-0.014182391,0.001240035,1,Romania,0.002408769
9.124062250,9.448875324,9.507292591,10.502151313,10.979545033,12.131860894,13.021478549,13.694419671,14.972186085,15.682880644,16.267377745,17.095732721,17.945657486,18.438357482,18.692321373,18.541725307,18.337062552,18.381902132,19.803279783,20.383391695,20.175997231,20.632532504,20.742390627,21.027312707,21.088850689,18.858389674,18.128662797,17.754302199,17.440441593,17.696130016,17.842677634,17.516645883,17.694407166,17.810507984,18.344689276,18.900656069,19.070833716,18.546535270,18.083490536,19.095235789,18.448968210,17.346203454,17.981775218,16.408830618,17.500122947,16.826769859,16.192002894,16.880580063,15.523103277,15.692023419,15.783508333,16.710590228,16.317508235,14.251423749,-0.003726140,-0.023522927,1,Slovakia,0.001176895
,,,,,,,,,,,,,,,,,,,,,,,,5.793492603,5.779498814,5.412684890,5.576588004,5.923864140,6.230031525,6.536989011,6.697572615,6.706761762,6.631672355,6.565686961,6.879186436,6.864198409,6.755139762,7.167566916,7.191703896,7.272780152,7.247832686,7.939998110,7.339228988,7.369359563,7.174390724,6.979035466,6.910708311,7.097250985,6.422887942,6.875603419,6.883932834,7.026634726,,-0.005137991,0.020729704,1,Slovenia,0.000506794
28.539222342,32.176102472,34.843393839,36.645880258,41.405177243,44.785268611,49.262123999,52.887560310,60.773410454,62.486010539,66.930237022,68.947382803,69.224005581,74.510055234,75.334249585,76.086445171,75.939190405,77.702263143,78.615765947,77.902398047,79.543057162,82.429788210,85.776682721,90.305315182,90.210105627,93.380748403,98.173838006,94.799520833,99.255149074,103.240867906,106.922456261,113.038624565,118.433423100,122.378478161,129.282639743,135.236952497,137.242691408,145.292300231,151.358614898,152.955396101,155.193450939,158.643462264,154.500687065,143.389302954,146.470242878,143.893758176,143.188500776,135.897612379,133.543695857,135.407282647,136.944384844,138.800085987,141.357726972,58.257708717,-0.013273583,0.018426797,1,Spain,0.010195379
32.495249083,34.767748295,35.531610727,38.057282544,38.243740217,40.677205318,41.129984489,42.338303143,41.306149445,43.696283330,46.562006454,45.895996498,53.489014968,56.501316110,53.056697963,52.416693540,49.857322851,49.256984656,51.985829775,56.385616255,58.637786568,57.116163207,55.818624007,54.662890661,55.398414656,52.485317789,52.827917082,52.253665182,52.483545357,52.918036212,51.728894115,53.210154948,57.623405961,55.941933767,51.641396181,55.628102645,52.448999737,50.641850995,54.508467051,56.046933607,52.854215061,53.846152010,53.046716230,48.667647688,51.790394331,51.414312932,54.702673759,51.516862691,51.488950216,53.255970742,52.561081145,54.380594409,53.607083156,44.693965125,0.000988131,-0.014224031,1,Sweden,0.003866393
15.015202279,16.091947265,17.173697021,18.089628322,18.766521768,20.732663334,21.385289348,20.784431319,21.713209748,22.564638768,21.752471008,24.011457612,23.636619136,23.075049797,25.060335839,24.920993524,24.372683132,25.407982956,24.641297094,26.528694051,27.883145193,27.651498426,27.845300800,26.096928477,27.244138887,27.961638733,28.404546208,28.269862998,29.661963850,28.128566049,27.295579891,29.120296398,29.300098942,30.269789091,29.547648673,31.645651815,29.592038441,29.347171199,29.014567298,27.948317440,29.182664348,28.863327776,29.923963864,29.944190769,29.193944992,27.825199826,29.440947439,30.296084051,29.024454719,28.423925996,26.773492161,26.886061842,27.815529157,23.009261086,-0.007071265,0.034570601,1,Switzerland,0.002006186
7.796063015,8.949869197,9.258087858,10.773272717,11.763204345,12.519594059,13.881630825,15.501728950,17.925052549,19.917590657,22.388598899,24.520373515,25.916530718,24.405201602,25.342104739,25.539325610,27.865112738,28.892638600,30.380937249,32.860859178,35.840964311,40.715666170,44.535688722,44.003609795,47.674045136,48.693113286,51.127570724,55.423855593,53.736011389,60.091823875,65.504729429,68.585168078,70.298434839,68.635280281,73.474723218,66.907945314,73.074182320,77.448558087,82.819042371,84.912853555,94.268460183,100.362639090,100.793869133,102.159719470,107.630816002,115.096814306,122.287391450,121.518401992,125.389845487,137.191523893,144.583421986,152.709648659,153.540287870,17.596316811,0.042868238,0.005439337,1,Turkey,0.011074042
,,,,,,,,,,,,,,,,,,,229.894010452,231.242454968,236.320433421,236.577674550,226.794386238,263.646179738,240.117124551,210.700201152,177.024824933,151.459432055,142.166851014,140.053554958,137.532443977,132.427099933,135.142011892,135.496712457,135.511262407,133.514836196,137.170930598,138.137983592,136.679294508,138.182812650,134.889979389,133.501511264,113.443898378,121.497606507,126.328927665,123.130066844,117.323731565,103.197065705,85.657583996,89.825031051,83.356997980,84.005363102,,-0.046992677,0.007778173,1,Ukraine,0.006058859
198.762753214,199.644459028,199.641524443,206.778132551,214.246050057,218.763829024,214.710709082,217.847655986,217.106337977,204.709141779,208.809001065,212.677097673,213.948029125,223.969006906,203.975352999,198.276249177,195.585862940,196.274193551,196.118441100,204.375704511,210.091071673,209.821276656,212.472789774,212.587529105,214.349274483,218.818432287,217.305567024,219.623724985,216.944150083,217.687474614,228.251214007,224.161924272,226.503376154,225.392644320,227.452883912,230.075945910,225.042755887,228.409915111,229.809859689,232.312503359,229.886595457,223.386320352,219.964732902,209.374013904,214.636231407,202.181873805,204.835319760,204.064806468,192.522104918,195.056355957,193.489571987,193.199791345,192.284782873,228.725708393,-0.014412906,-0.004736074,1,United Kingdom,0.013868475
15.668842634,16.479963291,16.701125448,18.377585785,19.579841473,21.623930628,25.298186398,26.341863416,30.623247257,30.895997636,32.918088158,35.265973557,38.394150922,41.636203326,40.387373401,40.296290532,41.959232518,45.273857607,47.255412319,60.318199340,63.247926180,64.020400984,66.008646245,64.110547383,45.335325887,39.863179123,34.864868957,30.062626696,25.612714537,26.271821216,28.670027350,30.927770645,31.409684543,28.501722006,30.669556655,32.084966010,33.684952260,35.650546838,38.747045227,38.255243335,39.278473281,38.194020355,39.138016994,39.755946185,42.513924594,41.774488322,39.203495201,41.517855176,38.160767186,40.722390820,43.309350950,42.757134163,44.738045618,27.664704528,0.011349633,0.046329379,1,Other Europe,0.003226716
1058.549142167,1090.235203836,1122.618181603,1197.634431507,1285.272445689,1368.664099093,1405.938379791,1472.331523813,1534.763379937,1518.622071290,1605.994903365,1631.593794245,1694.026599274,1757.081335193,1713.193607857,1667.500329758,1635.574760700,1649.592611495,1690.421752735,2013.827084887,2048.148135131,2089.238037869,2110.208028818,2103.588110888,2122.332645687,2087.497078923,2027.739094917,1986.430064223,1946.622630855,1981.063046878,2039.532378009,2034.522321593,2052.247091914,2044.435599488,2068.079185639,2096.536660574,2089.425338235,2130.359512167,2164.419930319,2175.475505452,2197.135161029,2177.506520429,2173.264447007,2048.440165447,2124.618134850,2077.708408484,2072.334040830,2054.682409918,1978.327299375,1996.770580912,2027.452945082,2050.023293256,2050.715621921,1557.319727486,-0.006014765,0.000337717,1,Total Europe,0.147907174
,,,,,,,,,,,,,,,,,,,20.146976567,21.696891333,21.025464009,21.044293325,21.460096341,22.335611311,21.456657798,18.369756670,15.911800091,14.629533407,13.758848713,11.276703808,10.791871039,10.827867776,10.792645986,11.267984324,10.866998482,10.724615361,11.602209734,13.160938821,14.272364030,14.049213187,12.712066678,12.839048093,11.346068202,11.196924504,12.457590210,12.834029991,13.195965530,13.458556672,14.718477415,14.582488328,14.305964995,14.396777601,,0.011882534,0.006347884,1,Azerbaijan,0.001038363
,,,,,,,,,,,,,,,,,,,35.084883918,40.054329619,40.637390965,41.220847908,39.867080651,38.225782824,37.812750575,35.775172912,28.651741494,23.876005031,21.663103521,22.212219211,22.434483875,21.953717854,21.369537682,21.959999109,21.406926985,22.044138639,21.945709106,24.718414246,24.630176565,26.162364919,25.547971243,25.850470398,24.509444544,26.025935887,25.878538928,27.962994433,24.660171212,25.493632295,23.158206274,23.037533305,23.384997540,24.555290700,,-0.008807309,0.050044613,1,Belarus,0.001771042
,,,,,,,,,,,,,,,,,,,68.300242743,69.879151524,71.429886848,74.005358304,72.837678252,73.690440859,73.609744623,72.668836077,64.108019166,57.037366662,51.244698716,44.607807675,39.329893822,37.057604628,34.821240482,31.323795554,35.960384245,36.590874038,40.087083090,43.194210773,45.406853628,48.662793692,54.067614826,56.433305023,50.829614495,54.911305070,60.486729101,62.695289717,63.479431719,64.430818946,63.653349312,64.699825992,67.598864813,76.382579190,,0.022586887,0.129938785,1,Kazakhstan,0.005509068
,,,,,,,,,,,,,,,,,,,815.366234637,829.691468392,856.754577538,871.705245212,874.959243700,859.623043618,847.739332745,815.631602771,759.918028895,693.121946135,655.559610182,631.170599018,596.509837624,595.441869796,602.681935105,613.392501875,623.328506707,621.483799855,634.895179718,640.590760147,640.348005313,668.571385270,673.051062171,676.565592953,643.193653344,669.331027417,691.798837078,693.823105910,685.450539877,688.305467570,675.368940355,690.536167091,694.279395104,720.749091815,,0.003110153,0.038125425,1,Russian Federation,0.051983786
,,,,,,,,,,,,,,,,,,,12.440972550,15.337717748,15.416251832,15.563415941,15.783381107,13.217572349,13.570036032,5.217427026,10.515174491,11.216886384,9.232909691,13.448674153,10.298174702,12.823175841,12.240354004,10.303027883,13.003928825,10.968531505,15.143385116,14.996171397,15.184822013,15.344948411,14.890062651,12.214504515,19.914042922,21.458761675,23.816816623,25.963612491,23.064195513,23.906251356,28.616904262,27.467311132,28.688407489,31.504505989,,0.067778056,0.098161548,1,Turkmenistan,0.002272252
593.312220437,630.907747112,663.183749171,687.773149856,718.996987775,754.806238937,791.895597721,832.331112011,923.299295481,968.985757732,1006.507151322,1051.351682689,1094.151942510,1127.105389452,1150.100532464,1174.477360716,1204.009169855,1229.020723000,1274.608608929,,,,,,,,,,,,,,,,,,,,,,,,,,,,,,,,,,,875.083521531,,,1,USSR,
,,,,,,,,,,,,,,,,,,,31.627028424,31.143748519,33.049332861,31.744201389,33.439891626,45.016802662,45.582996915,42.677693847,45.480655951,44.699235722,43.500866061,44.870817251,44.457582576,44.498753809,50.285963900,51.103248686,51.220785406,52.415867354,48.693000673,49.330044991,48.050151207,44.596897342,47.461061212,44.571995996,44.778177517,44.403658154,46.617413391,45.489429339,45.173863216,47.148856511,44.915189914,43.603028898,45.013231156,43.910428018,,-0.005281318,-0.024499533,1,Uzbekistan,0.003167025
,,,,,,,,,,,,,,,,,,,30.505001269,29.004407510,30.124080601,33.879965374,32.241094378,34.448865708,28.845178193,24.332930447,19.245483004,16.012915957,13.992140234,15.056205139,14.264010834,14.199131986,13.532782028,13.050321347,12.862164216,12.896142375,13.589913982,14.717335506,15.298286969,15.428410304,16.733831015,16.195227597,15.587209836,15.898849898,16.990015712,17.950599802,17.096898391,17.532903706,17.445256551,17.545920305,17.972578492,19.033420488,,0.007167031,0.059025587,1,Other CIS,0.001372779
593.312220437,630.907747112,663.183749171,687.773149856,718.996987775,754.806238937,791.895597721,832.331112011,923.299295481,968.985757732,1006.507151322,1051.351682689,1094.151942510,1127.105389452,1150.100532464,1174.477360716,1204.009169855,1229.020723000,1274.608608929,1013.471340109,1036.807714646,1068.436984656,1089.163327452,1090.588466054,1086.558119331,1068.616696881,1014.673419751,943.830903091,860.593889299,808.952177119,782.643026254,738.085854473,736.802121691,745.724459187,752.400878779,768.649694865,767.123969126,785.956481419,800.707875882,803.190659725,832.816013126,844.463669796,844.670144576,810.158210860,843.226462606,878.045941043,886.719061683,872.121065458,880.276487056,867.876324082,881.472275052,891.243439589,930.532093802,875.083521531,0.005406150,0.044082966,1,Total CIS,0.067114314
8.507181173,9.260745358,10.174744379,11.173318700,12.249538775,14.424486433,15.787070194,17.866859418,24.196742161,28.174557123,31.669242255,35.896734192,35.047571778,37.839112519,34.986772299,35.048927249,39.557666561,46.987577926,50.787694979,55.435293027,51.880358574,55.632643312,58.769656836,64.338620842,72.407307168,78.632263897,86.250147380,79.570046790,89.430329368,94.726813150,102.427442885,105.965776860,109.562176544,116.971565927,122.916881261,129.688221084,140.973402912,144.048798897,157.953807741,169.412495859,185.130405405,198.185112747,205.763006660,212.701683741,213.412246945,224.945691043,226.219278063,237.936731432,248.953852469,249.227864380,257.154939867,272.014918279,285.718528416,21.380431171,0.032172228,0.050378157,1,Iran,0.020607353
1.749369831,1.952280395,1.973287875,2.109454779,2.475033364,3.138046909,3.439865466,4.077470283,3.922010095,4.311158251,5.508807506,5.678409045,5.464011003,6.854678081,8.164819230,8.105531085,8.469611483,9.371823219,10.281204077,12.161028641,13.494570809,16.180351905,18.868845571,21.149109126,19.563162218,13.160562390,20.692529885,28.086819095,32.168307751,31.580279984,32.773137775,38.404798675,26.929430908,20.225421026,25.768470420,28.994453422,27.394360109,25.354561935,27.065768316,25.959501766,26.524216530,28.136822356,29.183933044,32.583257274,34.724132817,36.700679236,39.032052107,42.047532705,40.226637697,40.089772589,46.248366385,47.094751492,53.748622016,3.979029283,0.052857866,0.141286880,1,Iraq,0.003876601
3.995822210,4.183876151,4.367551188,4.576479184,4.771110887,4.958765289,5.159794426,5.383829747,5.754479194,5.928327349,6.258857769,6.541082593,6.971769640,7.629385450,8.129324008,8.271376045,8.599306738,8.667658319,8.792293556,8.546719715,8.987801676,9.949910511,10.650569111,11.033509099,11.439945757,11.869018378,12.932680856,13.698815074,14.996243281,16.734283437,17.615712461,17.285580129,18.477130214,19.207747246,20.094600850,20.001355612,20.289268464,20.854862411,21.107850455,21.792666434,21.771885163,22.971513138,23.335294912,22.346744783,23.686917051,24.245220113,25.319608541,23.521060793,23.133541232,24.402908465,24.830478094,25.582388376,25.641351411,5.633148806,0.010823077,0.002304829,1,Israel,0.001849374
6.972252647,7.304030165,7.448432239,7.846077557,8.050020026,6.561506515,6.559149971,7.294277181,6.989372026,6.281997277,7.411431212,7.558192653,8.274410122,10.042234523,7.575836391,9.594949532,9.596875346,10.591609344,11.290519012,11.008107170,12.487301328,11.626815921,13.200099503,14.355277013,6.808080969,3.881186754,7.077528399,9.544512922,11.729745486,14.646057395,14.503010485,15.099046570,18.344767160,18.918123191,19.744375497,20.052084957,20.424070045,24.010573458,26.898622634,29.780556168,28.139476473,27.337406356,29.736810485,31.063561652,33.472771544,33.588121164,37.338911374,38.703987328,35.445858956,38.462633110,38.932743110,38.695554927,38.954737559,7.278586199,0.035357603,0.006697995,1,Kuwait,0.002809597
0.455024864,0.474658474,0.495252078,0.517874678,0.539461164,0.564188712,1.330309783,1.519967039,1.214779306,1.109604232,1.277420225,1.230625012,1.430986792,1.648600769,1.466756473,1.550128762,2.053478026,1.921761512,2.793946236,2.886588230,2.705035994,3.046881771,2.956928346,3.355104256,4.201547005,5.577665234,5.373250096,5.145142567,4.887407674,5.666350309,5.828334965,5.994208170,6.160544186,7.092137046,9.847342278,10.875814274,11.835426079,12.259671192,11.388847138,13.699597126,14.964839737,14.925016733,17.535155754,17.569919900,20.641231727,22.546541511,24.511563555,27.380229535,27.267294054,28.803254623,28.967892986,29.333494447,30.689205903,1.322090618,0.069904213,0.046217182,1,Oman,0.002213449
0.121331303,0.122158020,0.175010939,0.553702852,0.870046432,0.991030716,0.987209563,1.092083907,1.351004251,2.015937040,1.294938975,1.804231179,1.730736075,4.330702159,4.952145577,4.647157184,5.618759196,5.888018200,6.659343938,6.772622241,7.410425480,7.389100268,6.807251505,7.273698744,7.420112855,8.365352369,12.870587418,13.680885999,13.792521735,13.877667192,10.318908899,11.012467449,11.779801042,13.157715680,11.556994506,11.263464565,12.723452167,14.301281210,16.764397080,19.294026078,20.326942796,22.228446311,24.581856665,24.835889560,28.908528340,33.437158405,37.949312619,40.837783491,43.866282569,48.236104778,47.571267543,48.859777554,48.256951836,1.549528447,0.081942642,-0.012337873,1,Qatar,0.003480516
20.218361947,20.491968568,20.788038645,21.110752150,21.467134064,22.601500643,22.637308548,24.262172596,27.459481484,21.776513588,25.175778591,29.730224203,33.132908859,40.141297230,36.108454991,43.100752968,47.478774946,51.419349924,61.506711934,62.746887790,67.469603380,71.517675103,74.831218974,73.650711345,79.823692466,83.616917853,84.416923027,86.230681857,99.705970735,97.163014847,100.479610955,102.347404576,107.702234450,109.669473295,114.781136727,122.300725605,127.378135111,134.928291476,146.386300142,156.019758698,161.982528107,169.028889622,184.322387509,194.269872171,212.965350691,219.839925421,233.061995373,234.023661695,250.848692780,258.964880968,262.170282891,262.843274458,259.188448123,25.881371749,0.045137891,-0.013904964,1,Saudi Arabia,0.018693880
0.074428973,0.079756221,0.466742249,0.599373391,0.601406671,0.827425695,1.258644072,1.345670679,1.917068883,2.051522643,2.595893045,4.267540843,4.927859941,5.792827458,9.310337752,10.880690408,11.768729889,11.323092839,14.109946833,17.491921993,21.187278017,23.650321988,26.123302737,29.416919533,29.838191889,36.369825021,35.155772404,36.594295094,40.152542347,41.898760438,43.186226044,45.086778208,46.149119208,46.523575428,46.334584122,46.846187057,51.193783123,54.587735611,58.371680004,60.897450762,64.067042967,70.665727164,80.983137834,79.959175411,83.784957474,88.367575736,92.799385565,97.802798858,97.366630628,107.122251681,111.069370343,108.955095266,112.203564656,1.744893475,0.044248527,0.029814754,1,United Arab Emirates,0.008092644
6.178752877,6.460399297,6.773219289,7.097680338,7.452650576,7.410159134,7.939227631,7.967881662,9.831273849,10.811871090,12.112319726,13.380320253,14.219960341,16.326978852,15.683698768,16.477231268,19.359868005,20.676973405,22.298771107,23.429873169,23.799810224,25.038684245,25.794295494,26.303546100,27.694329605,29.291907661,30.479754457,31.490524795,32.523613415,34.924999000,35.343744579,38.598664471,40.921073415,41.231788545,41.844689944,42.992075338,44.615045642,46.569195976,47.987456855,52.400928152,54.366315758,56.312276846,58.269557281,58.486525283,58.224693561,54.740493510,51.112151425,50.258399949,50.059299814,48.362323216,47.962090038,48.005717415,47.887492208,8.829063033,-0.015832572,-0.002462732,1,Other Middle East,0.003453869
48.272525824,50.329872651,52.662278881,55.584713628,58.476401958,61.477110045,65.098579654,70.810212512,82.636211250,82.461488593,93.304689305,106.087359971,111.200214552,130.605817041,126.378145487,137.676744502,152.503070190,166.847864689,188.520431672,200.479041977,209.422185481,224.032385024,238.002168077,250.876496058,259.196369931,270.764699557,295.249173921,304.041724191,339.386681791,351.218225750,362.476129049,379.794725107,386.026277127,392.997547384,412.889075605,433.014381915,456.826943652,476.914972167,513.924730365,549.256981044,577.273652935,609.791211271,653.711140145,673.816629776,709.820830149,738.411406137,767.344258621,792.512185787,817.168090200,843.671993811,864.907431256,881.384972214,902.288902128,77.598142780,0.037524708,0.023717139,1,Total Middle East,0.065077284
2.122521233,2.556874916,2.416595108,2.592053430,2.874065133,3.145228361,3.406505613,3.826167598,5.051891731,6.041307610,7.047605546,7.749493002,9.741768248,12.764170870,15.224208083,18.491623627,21.320013566,23.292189261,22.360922303,22.535370856,23.852897584,24.506080979,26.256429713,25.536949953,27.079088477,26.827148645,27.528987942,25.613079453,25.955897501,26.920208729,26.644952956,25.609230255,26.507225067,26.772838896,25.789172183,26.723287862,27.681354662,28.963968528,30.070080318,31.482613559,32.603053511,34.359024750,36.414997269,38.590217923,37.610113115,39.934475135,43.647978135,46.170665475,50.351985712,53.095828358,53.040219847,53.128086679,56.714034119,4.558534179,0.044547839,0.067496265,1,Algeria,0.004090481
7.834158833,8.243233352,7.045988488,7.578770278,6.197467660,7.730506114,7.940503226,8.822896743,9.474249979,10.496804439,12.541525953,13.591135036,14.369936107,15.731318657,17.956103674,20.444698549,22.836158461,24.800149332,26.997307552,28.019999155,28.699098825,30.066801340,30.982644974,32.726932950,33.811755465,34.251371013,34.207899978,34.567698374,35.229961915,37.331605415,39.340994795,40.986240536,42.679995405,45.693441901,48.439624819,51.053941269,51.862176759,55.029046512,57.626227627,60.497500804,63.516118199,67.273300887,71.697732732,74.557823777,78.435191181,79.672809873,83.753756598,83.163960485,82.972496524,85.286393396,89.939051001,92.620527194,94.534672213,8.331547115,0.032491419,0.020666531,1,Egypt,0.006818281
1.544062351,1.945186835,2.067650345,2.258093719,2.479429081,2.572976870,2.737108153,2.963883095,3.529459698,3.614339025,3.911269903,4.394200953,4.677932948,5.107491804,5.181427016,5.050386550,5.159515854,5.337060894,5.483244152,5.601429309,5.788986161,5.958434592,6.292541386,6.919223181,7.081578739,7.171526758,8.036596683,8.136004975,8.957960588,8.792176141,9.155351326,9.516419800,9.770717349,10.165395987,10.078151425,10.883782238,11.157674043,11.176195500,12.732386615,13.827690437,14.110898538,13.978830581,15.431905353,15.033379583,16.669710842,17.523016172,17.831205743,18.300948607,18.573145499,18.901577159,19.111993963,20.019344876,20.996319230,3.304030405,0.036568249,0.048801515,1,Morocco,0.001514352
30.448761847,30.638219189,31.906962215,33.674717756,34.673488655,36.234218687,39.031767977,40.304212570,44.600284076,47.550727824,49.611839020,50.827938011,50.333669700,52.000192687,55.509105644,64.607764097,69.508587512,70.443640162,76.915829743,78.526099789,79.910587178,81.225687418,89.347361463,85.342920371,88.357719119,87.680201056,88.123882014,88.023769402,91.742264563,95.874202647,97.753643870,99.929118153,98.157862937,101.526604724,101.640151799,102.214872212,99.548000650,107.914256261,117.789391505,111.610879007,113.868765613,116.935769955,125.396299029,125.069656406,126.343727057,124.608719399,122.738900505,123.207128086,124.792062601,121.858262003,123.879631394,121.809458879,121.513382958,43.180762838,0.004091668,-0.002430648,1,South Africa,0.008764112
9.596461554,10.186101043,10.672127494,11.141521939,11.501068146,12.596950711,13.441138132,14.306317409,15.433171103,15.186212129,15.699410884,15.957233442,15.449509993,15.785116336,16.023560473,15.780265986,15.671622596,15.333793709,15.402499607,16.022699574,16.873751611,16.961993762,18.351553323,18.600629803,20.923311329,19.907212302,19.560713758,20.845608405,20.978159931,21.367378176,21.484394648,22.326619880,23.709856158,24.198331312,24.500634503,26.394294044,27.079254436,26.791135134,29.027541352,30.083903002,31.198917148,32.676401414,32.477610111,34.276325621,37.266949490,39.283278951,39.990376494,43.511015656,48.104297136,50.290660434,49.542331400,52.025823937,54.095069353,14.859145652,0.047607200,0.039773429,1,Eastern Africa,0.003901589
2.905436609,3.003633421,3.141061810,3.332640891,3.495039552,3.653340614,4.222117216,4.381716033,5.065266655,4.751063676,4.697873793,4.955734423,5.521024072,5.603994511,5.830503497,6.200094571,5.992156482,6.634893113,6.281603123,7.040492898,6.998350327,7.159824125,7.526553106,7.898490901,7.312282810,6.868547431,7.034043483,7.041549143,6.842713015,7.024193251,7.066400879,7.052700542,6.793276834,7.094277357,7.743672152,8.729257347,9.251278613,10.067034241,11.301313761,11.343764380,12.501618712,12.826286246,14.532609437,15.446518386,16.642655859,18.090683616,18.451766268,19.686052067,20.707201567,20.160792200,21.053078559,21.855174768,22.892076722,4.889402651,0.054739803,0.047444231,1,Middle Africa,0.001651083
4.796783957,5.186434870,5.071914954,4.943990076,5.505047027,6.180796321,8.009560754,8.664730171,9.787637117,10.499678172,12.858637206,13.951269442,15.130721645,17.096688168,18.290888329,19.282496387,20.096578926,18.960303979,17.547703853,18.584663757,18.270400838,19.104473137,20.400402941,21.483486923,20.873960456,22.245881480,24.048062593,24.193439950,23.863369602,24.560186971,26.590780262,26.475213104,27.049143895,27.111419071,28.939797083,31.441904476,34.313012931,34.000966901,35.182375430,36.388325066,33.337010416,35.672961364,38.347230045,35.994566747,37.444846965,40.875393216,42.901402517,43.513605446,44.999943676,51.682671509,54.884545074,57.533798839,60.295029656,9.553443182,0.048958699,0.047993195,1,Western Africa,0.004348759
1.506886377,1.650619811,1.757966030,2.004761589,2.235086065,2.649306372,2.448335135,3.101263339,4.634528829,5.175651899,6.067361108,6.885404209,7.666560236,9.982685526,10.381071972,11.067404156,11.335264972,11.934071029,11.825943645,13.309651506,13.630279294,15.095196749,15.341881205,16.530064822,16.159435712,16.027943510,16.059626689,17.047088690,18.548955022,19.560454692,20.051062889,20.895750418,21.756773845,21.518270103,23.165831283,23.672740547,23.444250424,24.229857792,26.156940120,26.852815550,26.929514649,26.159753404,27.437107227,29.199853954,29.939047882,21.587389899,25.752690231,27.831630186,27.389138658,23.998744938,23.112406679,24.449769044,25.445905835,4.216985410,-0.006737335,0.040742176,1,Other Northern Africa,0.001835277
0.375591198,0.420804852,0.445490600,0.495796359,0.511561927,0.546873658,0.564669386,0.607240998,0.656278870,0.670560947,0.727189599,0.705017854,0.728030267,0.736313161,0.784629473,0.931217816,0.945087273,0.897133158,0.928817727,1.056205513,1.102117915,1.139405624,1.231826874,1.325037124,1.741581739,2.126961004,2.284257732,2.315602331,2.376445665,2.571342771,2.480377146,2.545452751,2.821613259,3.010180056,3.115414388,3.199731385,3.195742157,3.196881118,3.213616859,3.452770578,3.404439346,3.543088047,3.689954494,3.808311586,3.486407906,3.752842046,4.169119638,4.337124679,4.697455284,4.809730301,4.874750543,5.164184833,5.026538599,0.623916278,0.038393554,-0.026654010,1,Other Southern Africa,0.000362537
61.130663958,63.831108291,64.525757044,68.022346037,69.472253246,75.310197708,81.801705594,86.978427956,98.232768058,103.986345720,113.162713012,119.017426372,123.619153216,134.807971722,145.181498161,161.855951738,172.864985642,177.633234637,183.743871706,190.696612356,195.126469733,201.217897727,215.731194984,216.363736028,223.340713847,223.106793200,226.884070872,227.783840724,234.495727803,244.001748792,250.567958771,255.336745439,259.246464748,267.090759408,273.412449634,284.313811381,287.532744675,301.369341987,323.099873587,325.540262383,331.470336132,343.425416648,365.425445697,371.976653983,383.838650298,385.328608306,399.237196130,409.722130688,422.587726657,430.084660298,439.438008460,448.606169049,461.513028683,93.517767710,0.027077655,0.028771026,1,Total Africa,0.033286472
34.754074294,38.138621604,40.451887752,42.901847161,44.664215421,48.722755686,51.153528633,53.497719263,60.803599455,61.804077736,63.990632020,67.181485150,68.837974027,71.566125101,72.060742699,72.655214173,72.622719782,72.785265035,75.957753228,76.530516028,79.124593550,81.248758298,85.024147402,89.135837729,90.704002513,90.112871097,91.025679679,93.619828451,97.365937825,99.959118912,102.479603449,105.073290459,107.529606318,112.236129052,112.720699742,113.790095650,115.502154837,117.266711312,121.188191859,120.870682671,128.115734182,129.877892928,132.272613087,131.370957229,131.909111232,136.354958528,134.617605725,135.300719780,137.455801045,139.228683513,142.133479423,140.507273321,144.326885500,57.194195587,0.007897475,0.027184445,1,Australia,0.010409528
,,,,,,0.699509172,1.363944146,1.740485924,1.973731314,2.264407882,2.325569754,2.505778340,2.775184562,3.128836028,3.150155946,3.479893130,3.437211566,3.710286270,4.130148342,4.504741282,4.971307788,5.533681897,5.960005978,6.325773047,6.103346129,6.659632535,7.329140606,7.774243504,9.199275396,9.626997960,10.116667548,10.771943383,10.895468709,11.683327404,13.351756111,13.782995895,14.610255447,15.114078753,16.064345160,17.044502864,17.808471209,18.834244233,20.634769486,21.595608289,23.019301750,25.038797821,25.535502438,27.037069956,31.259032075,31.762148281,32.972499477,35.794886230,1.683074605,0.063536803,0.085598205,1,Bangladesh,0.002581694
131.470650507,142.905482278,128.526300333,129.772455149,158.006650837,202.396945862,239.953809115,258.651243061,281.444561345,315.240772564,331.938554504,362.006859544,397.073649794,408.944551031,416.833740580,411.126972196,429.219352049,456.697262422,490.094603540,530.091657796,555.588353491,599.184162500,643.579733469,675.266464788,683.919563310,718.619127648,756.756833517,814.676568749,864.526144849,890.858738592,937.431087381,942.783442783,944.046398454,977.249874781,1010.931312519,1067.746533760,1163.631261792,1355.680346254,1586.310154848,1802.828756263,1977.112542112,2149.643770257,2230.415716125,2330.145589574,2491.637881499,2690.513706864,2799.503310379,2907.514488379,2974.690365442,3009.628416640,3047.106051775,3139.031306463,3273.465000073,272.993055348,0.038587079,0.042826490,1,China,0.236097562
2.261565943,2.452779191,2.897059668,3.132251882,3.680132397,3.953712435,4.175378977,4.742398037,5.035040675,4.740076813,5.596816328,6.043319050,6.278319313,6.428457366,6.568858508,6.999930233,7.682742811,8.146430782,8.345896221,8.664509697,9.079184556,9.975881365,11.491752508,12.283702302,11.982609033,12.415254920,14.611256927,15.950327171,14.453387384,15.535738609,15.528032820,15.708779944,16.013221513,16.218551548,16.979821097,21.446279029,20.931429734,21.616976997,24.206959165,23.223600757,24.570277337,26.140523801,24.320992512,26.557021628,27.626487365,28.325576005,27.222064241,27.961634340,27.318242766,28.080821488,28.818210712,30.880668494,31.074396198,4.918493432,0.016803988,0.006273430,1,China Hong Kong SAR,0.002241230
52.726940123,54.333670072,55.988400642,59.808571161,66.289563279,64.795105777,67.353611687,70.947900290,76.768068097,82.430032606,86.449114315,91.419187276,94.774456664,100.158954503,103.186032725,114.320764635,113.446262492,119.413839718,127.482191319,134.692508667,144.234762578,153.553302806,167.091815756,182.456082665,195.806161058,206.457493003,217.214021338,222.645002405,234.439233433,252.180017220,262.524797466,277.143607788,293.718679020,301.684248838,317.536857127,319.346376057,334.305748873,347.329780115,367.767655977,395.119424430,415.437576403,451.893499448,477.864920633,514.281940467,539.152553309,571.373058309,601.043621466,624.522136988,667.518629778,689.777878583,719.252335484,750.087829914,809.153006095,72.372539871,0.051980289,0.078744347,1,India,0.058359888
7.216000191,7.147361565,7.053316328,7.511082999,8.483731848,9.079444253,8.723416643,9.257593198,11.181726927,13.700440671,14.412891516,19.046536615,21.116265812,24.101515477,25.780571654,28.011994554,28.556345897,30.273160767,32.789523813,34.854002269,38.625196499,40.838903387,43.098132870,47.671083477,52.504829019,56.949831044,62.489678241,66.043715494,70.618035827,75.226718292,80.238664566,87.178927815,85.578394491,93.404477434,101.594702888,107.537269210,112.366961395,121.024112005,120.438087652,123.437498975,125.225986568,134.413998081,132.742502042,137.558053892,151.068179837,164.629115414,173.424095068,178.171670232,167.194043747,165.691507018,170.163483677,176.866385199,185.529971108,10.435728838,0.027827137,0.048983790,1,Indonesia,0.013381287
153.306291817,170.986795913,196.420492209,217.847016015,249.805370768,278.353630071,295.750116374,310.818347748,346.057544656,330.017461078,344.038832670,343.395784856,355.920303097,369.781056242,358.908567845,353.134617744,341.257033157,344.811273022,372.943723971,377.076635342,377.517933082,384.767347252,409.403327194,423.321451315,441.278191314,452.109097688,457.703737154,463.761745297,481.944143857,500.571250804,510.058769804,519.093916526,507.525745344,516.545619280,522.336509140,517.835187977,516.789196521,515.738769586,522.172925455,530.896300608,529.924594106,525.260248544,517.759698681,473.132652308,504.707201971,479.124167518,475.677533354,472.306625126,460.319159100,453.325960413,450.793711403,455.210048392,454.141313843,346.776590229,-0.014211538,-0.002347783,1,Japan,0.032754790
2.481753462,2.896700371,2.927451022,2.983259724,3.122963649,3.490127939,3.883320204,4.344718416,4.787145488,4.969811653,5.503918523,6.109778816,8.352427886,10.212521582,10.994548370,11.278856800,12.152565729,13.963626329,15.057624901,14.903345692,16.710217693,17.223270715,18.274414458,20.422943436,22.071707787,26.733210632,28.915858212,30.151530122,32.898463211,34.290838227,38.311580236,44.591408804,41.457841399,46.905671255,52.209801571,52.596052121,56.321843809,61.275981851,65.297406163,69.678833187,72.417511032,77.213785080,79.955244477,77.720752071,80.089078590,82.888497297,89.002677041,93.070601830,93.638041302,95.126217245,96.569344212,96.726511344,99.299246293,4.696693247,0.022786691,0.026598033,1,Malaysia,0.007161925
7.023225000,7.459427889,7.519864046,7.685076289,7.826079439,8.720843054,9.102210886,9.717321321,10.167639359,10.255295324,10.649311063,10.913050253,10.747364906,10.827979997,10.866306083,10.895474335,11.296587069,11.721745321,12.376863311,12.523449814,13.098681924,13.497590158,13.842758889,14.170663694,14.721817836,15.205496865,15.311020823,15.770782444,16.753650247,17.291493128,17.771264036,17.943888060,17.924963892,18.113615793,18.904072042,18.832682687,19.516859675,18.952493865,19.611248126,19.025148436,19.249369120,19.231755966,19.322538359,19.244172161,19.881098266,19.747977472,19.978317488,20.213114284,21.199358179,21.351982159,21.561579000,22.167552018,21.738833302,10.129630302,0.014308067,-0.019339922,1,New Zealand,0.001567906
7.008573636,7.061562554,7.813629550,8.866109224,8.904343365,8.770501959,8.505002078,7.488026990,8.544729818,9.205539027,9.340426865,10.097054194,10.784410696,11.760529593,13.055909883,14.043379598,15.481577505,16.522797148,17.492845992,18.387408809,19.525268463,21.839682478,23.210251361,24.638350076,25.782607552,27.314249451,28.669354829,31.736241688,32.868081661,34.666392591,36.912284346,35.837402933,38.342471243,40.129648156,41.042679688,42.017966323,43.627221883,47.471265501,52.902278866,55.158180880,58.251509876,62.014532661,62.411524734,63.157340426,63.439565126,63.546673113,64.142633891,64.866265396,66.851254185,70.378574116,76.644075231,80.988707638,85.032726954,7.986313055,0.027053577,0.049933126,1,Pakistan,0.006132957
4.488630048,4.882953850,5.532218200,6.176991198,6.634164125,7.683882095,8.894936896,8.674759371,9.670930904,10.413851355,10.787102386,11.648669223,12.181090369,12.665659645,12.424904337,12.344585345,12.009336693,12.728626517,11.735149039,11.322183437,11.497307626,12.513384742,13.791019386,14.925279337,15.516006508,15.043222891,17.489591035,18.084240483,19.194900370,21.398055390,23.004765061,24.777343144,25.153389966,25.568819413,25.493746241,25.165696024,25.029712968,25.949409213,26.836217256,26.755438200,25.963940210,27.051834464,27.979734450,28.349671079,29.255699707,29.859845916,30.884154760,33.148307285,34.897661456,38.281632995,41.831967589,45.707213264,47.030985621,10.214578015,0.053850006,0.028962001,1,Philippines,0.003392094
4.117627350,4.707113046,5.653999840,7.027905248,6.906149308,7.498312362,6.508845657,8.150265374,7.571669752,7.393462037,8.769723546,8.802633894,9.060502308,9.658926675,9.593392589,11.036956569,10.738920911,11.376747669,11.960665117,12.200657625,14.162372854,14.891577727,17.229746573,19.646595211,23.478585245,23.918967763,25.662090561,28.037367630,32.067598749,33.432078920,33.737134808,35.485635250,35.977481982,35.618794560,38.086531936,43.241882819,42.481363329,40.138032392,44.927687615,47.202908172,51.941178409,55.767571009,59.332067325,63.810246878,68.576983472,71.300638196,71.602365032,73.601311649,75.808063843,80.607073929,83.832776732,86.486488188,87.566449168,7.680706933,0.044856511,0.012487049,1,Singapore,0.006315701
6.413232112,7.777102763,8.940185537,10.250832913,12.370309391,14.365311568,15.542618439,16.114161317,20.717928510,22.790156063,25.498584013,29.336307706,32.815008593,37.812157583,38.924414141,40.747617657,40.774397393,44.234823839,48.291791916,53.283189064,59.642243674,65.958899706,73.757105192,80.095343757,90.595084803,102.569543178,115.826831331,127.061983707,137.156684059,149.793363999,165.450976389,181.795994508,167.558027702,182.441269925,193.515835725,198.106141652,207.426590903,214.234504384,218.373409836,225.486706062,229.369483097,236.834637486,241.444479121,242.585900646,261.274260585,273.405373074,276.320079232,276.680500421,279.528285083,285.254937339,292.243336559,297.118487205,301.021715961,19.941473149,0.022935959,0.013136943,1,South Korea,0.021711090
0.554162765,0.573234661,0.587418614,0.613733295,0.642436900,1.203777997,1.130511602,1.222640640,1.076765384,1.067106191,1.068661966,1.144339718,1.320490773,1.370252371,1.383410334,1.591841835,1.765729013,1.807773223,1.784017165,1.735348718,1.781474344,1.839036726,1.891586753,1.873485221,2.035422623,2.103685339,2.301300642,2.457959667,2.696437768,2.940304310,3.077162731,3.318901786,3.597389328,3.904974622,4.230829975,4.151162341,4.252647697,4.419276723,4.277680561,4.917683375,5.347943372,5.454152631,5.099798006,5.269058686,5.654043914,5.943150382,5.989118087,6.115860942,5.502826432,7.004415138,7.450219223,7.848542371,8.105483783,1.231725453,0.037065465,0.032737469,1,Sri Lanka,0.000584605
6.223166667,6.667602059,7.217037427,8.327757022,8.631824353,9.335213345,11.541021714,12.321748784,13.772003902,15.166961271,18.527989799,20.351637511,23.989881594,25.424457413,26.830348027,25.014127703,25.265774165,28.294568294,29.925689338,34.941728933,37.973030516,40.760813640,44.801844257,47.578031261,50.481002013,53.336698584,56.244681046,59.676885304,63.158463037,66.892214047,69.766081103,74.423346402,78.671794073,86.932838845,88.704296655,91.591032184,95.441439381,99.547002259,104.825396949,105.407901977,107.725659808,112.560796900,106.565059824,104.718937121,110.948321999,109.316671567,109.057815109,111.060761678,113.761032330,112.907159950,114.989382484,117.040308275,118.418825136,14.420931890,0.003910114,0.011778138,1,Taiwan,0.008540918
2.674457414,3.163960017,3.629875490,4.597509530,4.856973178,5.783129837,6.405595156,7.821952545,8.627290291,9.276168869,9.791925133,10.816229174,11.848944771,12.482464930,12.592445372,12.668358094,12.933688153,14.315204996,15.826831314,16.592849584,17.669098341,20.302005275,22.756259255,26.142258939,30.951432123,34.191916361,37.750270155,43.001552780,48.206262128,52.827911527,59.731260714,62.962934916,58.342207991,62.384465461,63.798267137,67.235947937,73.923744424,80.071483703,85.778023958,88.653096327,88.842708689,94.106131701,95.246911231,98.540148756,104.781625320,108.896632609,116.506230234,118.333142182,121.611154001,124.733000234,127.333517702,130.190958169,132.970072839,8.293867311,0.032990411,0.021346449,1,Thailand,0.009590422
2.523157754,4.415729946,6.087782824,6.312114036,7.456101457,7.777147528,6.932499065,6.723742747,5.275451491,5.863109718,3.386529587,3.622512586,3.752780792,4.040540780,4.614412240,4.624595240,4.940987844,5.176606908,5.212156757,5.182860015,5.680503245,6.404819440,6.392637553,6.021727467,6.453909886,6.542471969,7.138631257,8.154087292,9.100723014,10.564907200,12.124767605,14.043962467,15.211562939,15.661190430,17.843304077,20.156431145,22.122647892,23.914521724,29.326440048,30.994309491,28.322791979,30.961329815,38.475778649,39.361267256,44.569987207,51.018100349,53.354521722,57.209169173,62.574371987,69.092636509,73.930123981,75.837670556,85.787118095,7.097192597,0.093720967,0.131194002,1,Vietnam,0.006187367
16.307446302,17.315215465,18.832946037,20.273196471,21.523042733,22.956653297,25.169113963,26.108528594,28.909390013,29.699414504,31.244629749,33.015233167,34.878784702,37.596578640,40.308621429,41.387621914,43.173472437,44.896134823,45.668846322,48.732131772,49.244803898,47.903746921,48.602871862,48.052634470,46.971967364,46.253839502,41.958313428,40.166588790,38.546879655,38.094928129,35.232015625,34.920326546,33.561116690,35.363304176,37.696321230,39.141586372,38.554421336,40.645274467,41.265877333,43.405530222,45.019130581,44.076732775,46.158938131,42.211706056,45.379293109,45.239075357,48.276201164,48.765045900,52.723595205,53.941316649,60.542561257,62.370054124,65.383480302,27.035479119,0.035324932,0.048315273,1,Other Asia Pacific,0.004715762
441.550955385,482.885313242,506.079865519,544.087709318,619.804052447,704.886495066,771.425046260,817.967011839,902.151971990,936.007468793,983.260051866,1037.276188488,1106.238434437,1157.607913491,1168.056062845,1175.033064570,1186.797386230,1240.603098380,1326.656459535,1395.845131604,1455.659767614,1537.674490925,1649.773086634,1739.661941125,1811.580673033,1895.980324064,1983.728782710,2088.325548081,2203.769270578,2305.723345295,2413.007246101,2487.199777678,2480.982235728,2581.258962276,2675.308916192,2763.290079397,2906.008242344,3149.886197797,3450.619720420,3729.126345195,3949.882439744,4200.311664757,4316.202761622,4418.650185720,4701.546980796,4954.502519720,5121.641141815,5274.376858023,5389.628955837,5475.671245993,5586.958304725,5748.038504410,5985.840396501,885.102268982,0.031867218,0.041370964,1,Total Asia Pacific,0.431726725
3703.378468977,3904.298745382,4052.136402367,4297.991782452,4591.062830947,4876.113039751,5080.862624056,5354.574417112,5689.934275382,5719.563189051,6030.777326376,6245.119996508,6459.651839242,6684.159427502,6635.527178824,6598.386343530,6570.449141211,6674.451323396,6989.811842246,7154.135497817,7311.491490678,7568.154284616,7852.288302457,8008.211143517,8115.512308628,8168.395645923,8223.868682605,8286.320349308,8395.671074551,8565.828070051,8821.342928630,8912.300910670,8965.674792667,9128.579836582,9357.012794770,9462.493855356,9676.544170863,10031.562332610,10524.143469980,10887.938182277,11205.789479545,11561.932114880,11705.102370983,11540.305729327,12099.939275395,12403.705151319,12575.492926362,12819.426466265,12939.768026370,13045.577227630,13228.584123462,13474.602170558,13864.882686052,5662.740097292,0.015426641,0.028964159,1,Total World,1
2610.473053783,2741.387559656,2850.277615409,3039.996804799,3244.639855947,3421.875973865,3512.874189325,3691.937918998,3840.937790686,3763.494652056,3968.825337438,4053.660709664,4144.115653083,4255.410486389,4146.721267858,4048.188635631,3935.914799368,3944.175306776,4125.358929189,4207.708535717,4255.198593075,4374.563770354,4522.178739975,4604.703411327,4634.949429824,4670.304484279,4719.534902755,4787.619412198,4871.220089470,4991.467271016,5159.385680986,5211.623134299,5231.239076404,5311.473633461,5419.630338103,5385.708942163,5436.876160290,5489.866279115,5593.623957034,5638.430903724,5653.957176178,5692.622006394,5636.295712578,5365.083000704,5570.846248028,5517.477277467,5463.841500356,5522.663006877,5483.493292663,5495.724206483,5530.632354271,5586.866531676,5669.031358581,3898.058004712,-0.001873480,0.014706782,1,of which: OECD,0.408876980
1092.905415195,1162.911185726,1201.858786958,1257.994977653,1346.422975001,1454.237065886,1567.988434731,1662.636498114,1848.996484695,1956.068536995,2061.951988939,2191.459286844,2315.536186159,2428.748941113,2488.805910966,2550.197707899,2634.534341843,2730.276016620,2864.452913057,2946.426962099,3056.292897602,3193.590514261,3330.109562482,3403.507732190,3480.562878804,3498.091161644,3504.333779850,3498.700937110,3524.450985082,3574.360799035,3661.957247644,3700.677776372,3734.435716264,3817.106203121,3937.382456667,4076.784913193,4239.668010573,4541.696053496,4930.519512946,5249.507278553,5551.832303367,5869.310108487,6068.806658405,6175.222728623,6529.093027367,6886.227873852,7111.651426007,7296.763459389,7456.274733708,7549.853021147,7697.951769190,7887.735638882,8195.851327470,1764.682092580,0.029998350,0.039062629,1,                 Non-OECD,0.591123020
1002.520197631,1030.697339460,1060.204793823,1128.846095497,1213.554818634,1291.007762412,1321.285406674,1384.119793994,1437.321496592,1417.701740951,1499.475346699,1520.434141362,1575.439621714,1635.218300044,1591.169980201,1543.892455046,1508.924197389,1514.492765218,1552.038399015,1628.606490551,1655.023151318,1684.004625911,1697.617471489,1702.665330021,1695.625543519,1691.207455358,1661.056709442,1652.755284742,1644.695238014,1680.618689254,1736.803382594,1725.482900527,1743.939570276,1735.931149881,1749.191885394,1784.914650461,1772.197273879,1808.083035240,1832.232731773,1838.174549110,1849.966143273,1825.420670738,1818.086114278,1714.801448360,1777.071411806,1719.107716594,1705.836397195,1694.381539174,1631.731799734,1652.899122510,1670.403524797,1691.791449094,1688.222669292,1461.824804448,-0.007573423,-0.002109468,1,                 European Union #,0.121762492
